arch,mode,runs,catches_mean,catches_median,catches_std,catches_ci95,catch_rate_per_minute_mean,catch_rate_per_minute_median,catch_rate_per_minute_std,catch_rate_per_minute_ci95,capture_success_mean,capture_success_median,capture_success_std,capture_success_ci95,time_to_first_catch_s_mean,time_to_first_catch_s_median,time_to_first_catch_s_std,time_to_first_catch_s_ci95,time_to_competence_s_mean,time_to_competence_s_median,time_to_competence_s_std,time_to_competence_s_ci95,learning_auc_mean,learning_auc_median,learning_auc_std,learning_auc_ci95,flies_per_energy_spent_mean,flies_per_energy_spent_median,flies_per_energy_spent_std,flies_per_energy_spent_ci95,net_energy_balance_per_catch_mean,net_energy_balance_per_catch_median,net_energy_balance_per_catch_std,net_energy_balance_per_catch_ci95,movement_efficiency_px_per_catch_mean,movement_efficiency_px_per_catch_median,movement_efficiency_px_per_catch_std,movement_efficiency_px_per_catch_ci95,visible_but_ignored_ratio_mean,visible_but_ignored_ratio_median,visible_but_ignored_ratio_std,visible_but_ignored_ratio_ci95,avg_acceleration_px_s2_mean,avg_acceleration_px_s2_median,avg_acceleration_px_s2_std,avg_acceleration_px_s2_ci95,avg_jerk_px_s3_mean,avg_jerk_px_s3_median,avg_jerk_px_s3_std,avg_jerk_px_s3_ci95,tongue_usage_ratio_mean,tongue_usage_ratio_median,tongue_usage_ratio_std,tongue_usage_ratio_ci95,reaction_latency_mean_s_mean,reaction_latency_mean_s_median,reaction_latency_mean_s_std,reaction_latency_mean_s_ci95,ttc_mean_s_mean,ttc_mean_s_median,ttc_mean_s_std,ttc_mean_s_ci95,compute_per_catch_s_mean,compute_per_catch_s_median,compute_per_catch_s_std,compute_per_catch_s_ci95,catch_rate_low_energy_mean,catch_rate_low_energy_median,catch_rate_low_energy_std,catch_rate_low_energy_ci95,catch_rate_mid_energy_mean,catch_rate_mid_energy_median,catch_rate_mid_energy_std,catch_rate_mid_energy_ci95,catch_rate_high_energy_mean,catch_rate_high_energy_median,catch_rate_high_energy_std,catch_rate_high_energy_ci95,strike_rate_low_energy_mean,strike_rate_low_energy_median,strike_rate_low_energy_std,strike_rate_low_energy_ci95,strike_rate_mid_energy_mean,strike_rate_mid_energy_median,strike_rate_mid_energy_std,strike_rate_mid_energy_ci95,strike_rate_high_energy_mean,strike_rate_high_energy_median,strike_rate_high_energy_std,strike_rate_high_energy_ci95,wall_clock_s_mean,wall_clock_s_median,wall_clock_s_std,wall_clock_s_ci95,adult_time_s_mean,adult_time_s_median,adult_time_s_std,adult_time_s_ci95,avg_spike_rate_mean,avg_spike_rate_median,avg_spike_rate_std,avg_spike_rate_ci95,avg_spike_count_mean,avg_spike_count_median,avg_spike_count_std,avg_spike_count_ci95,spikes_per_catch_mean,spikes_per_catch_median,spikes_per_catch_std,spikes_per_catch_ci95,avg_food_prediction_error_mean,avg_food_prediction_error_median,avg_food_prediction_error_std,avg_food_prediction_error_ci95,avg_hunger_bias_mean,avg_hunger_bias_median,avg_hunger_bias_std,avg_hunger_bias_ci95,avg_reward_seek_bias_mean,avg_reward_seek_bias_median,avg_reward_seek_bias_std,avg_reward_seek_bias_ci95,avg_predation_bias_mean,avg_predation_bias_median,avg_predation_bias_std,avg_predation_bias_ci95,avg_prey_permission_mean,avg_prey_permission_median,avg_prey_permission_std,avg_prey_permission_ci95,avg_fast_target_lock_mean,avg_fast_target_lock_median,avg_fast_target_lock_std,avg_fast_target_lock_ci95,avg_fast_loop_gate_mean,avg_fast_loop_gate_median,avg_fast_loop_gate_std,avg_fast_loop_gate_ci95,avg_fast_strike_drive_mean,avg_fast_strike_drive_median,avg_fast_strike_drive_std,avg_fast_strike_drive_ci95,avg_maturity_readiness_mean,avg_maturity_readiness_median,avg_maturity_readiness_std,avg_maturity_readiness_ci95,avg_maturity_stability_mean,avg_maturity_stability_median,avg_maturity_stability_std,avg_maturity_stability_ci95,study_key,study_label,study_family,study_role,arch_label_ru,arch_short_label,arch_folder_name,arch_family,arch_branch,chronology_group,chronology_order,homeostatic_catch_delta,homeostatic_strike_delta,homeostatic_catch_delta_mean,homeostatic_catch_delta_std,homeostatic_strike_delta_mean,homeostatic_strike_delta_std,avg_task_set_bias_mean,avg_task_set_bias_median,avg_task_set_bias_std,avg_task_set_bias_ci95
ANN,adult,50,108.38,102.0,32.05426024727446,8.884987636412331,6.5028,6.119999999999999,1.9232556148364677,0.5330992581847398,1.0,1.0,0.0,0.0,0.22519999999999998,0.14,0.18331655680816175,0.05081275712574549,19.409200000000002,6.295,23.53625516856919,6.5239170883054225,11.626481842308838,11.517201199674894,2.695400484993468,0.747126896693337,0.19546982803690502,0.19680231108343327,0.00442250796232812,0.001225856665045376,-0.1185912776652033,-0.08124127885516744,0.11992010926893315,0.033240158406160195,9.073998413054476,8.778253696054946,2.913775238820668,0.8076572902476301,3.951175136919749e-05,0.0,9.854935886351248e-05,2.7316488614118696e-05,9.1387116474967,9.206417545141344,0.5868262493918189,0.16265993756670352,1400.7967686043821,1410.7169270701788,84.30840781893296,23.36909837688491,1.0,1.0,0.0,0.0,0.15825362383395633,0.15593896713615024,0.012403026719149422,0.0034379436057366086,0.7689267185970151,0.7618007662835249,0.05294023277848064,0.014674283857341134,0.1638359368031672,0.15688266306913906,0.04860637970747189,0.013473001074431975,4.511307298271425,2.3891691000795867,5.8577929573451994,2.0620977196960273,1.439409659526322,1.4332080105778682,0.41682102650547315,0.11553689395819783,9.454662449937238,9.477885627974642,2.265137377815117,0.6278640480674961,4.485313692698396,2.211573903427822,5.868804348536076,2.065974020007549,1.4423927305979918,1.4332080105778682,0.41558038074320364,0.11519300449782978,9.401491593897553,9.410394200026644,2.2517561623772226,0.624154964382248,16.347581648000343,16.17760170000838,1.4587875532583394,0.4043552799180454,0.0,0.0,0.0,0.0,,,,,,,,,,,,,0.0,0.0,0.0,0.0,,,,,,,,,,,,,,,,,,,,,,,,,,,,,0.0,0.0,0.0,0.0,0.0,0.0,0.0,0.0,ann_snn_baseline,Базовое сравнение ANN/SNN,baseline,main_baseline,ANN (frog_lib_ann),ANN,frog_lib_ann,ANN,baseline,baseline,10,,,-4.943355151665814,6.280492470459476,-4.916177901199157,6.285958184413873,,,,
ANN,developmental,50,125.8,118.5,34.624268945351034,9.597357703034726,7.547999999999999,7.109999999999999,2.0774561367210618,0.5758414621820835,0.9995960964580957,1.0,0.001669187097091623,0.0004626750580456493,0.2938,0.17,0.271343988324783,0.07521271627803372,23.3386,8.05,26.90358667612926,7.457293762156971,12.50342935573233,11.897444383444633,3.8616563574864076,1.0703965316203863,0.1968411550731232,0.19779133267726967,0.002946502559203073,0.0008167288406352358,-0.08140005886824903,-0.05583468537992174,0.0776156912978643,0.021513972004135008,6.703807469816094,6.465990919875568,1.8923259072884202,0.5245259806533822,9.721065629688533e-05,8.04378051992472e-05,0.0001064894160640437,2.9517360183604536e-05,20.50744145237129,20.510303870446002,1.0581660208766095,0.29330865664135025,3148.4998099145096,3150.576397110268,152.72389602285585,42.3329041905803,1.0,1.0,0.0,0.0,0.15193829562839342,0.15050087446560434,0.012189980257270534,0.003378890139358883,0.9027514991997825,0.8952779897005532,0.06489030722738556,0.017986675499315007,0.13980971866241063,0.13631488992727586,0.03831056320688702,0.010619146341588937,18.218954560077616,1.8315018315014708,63.166658510888404,23.826601032779447,1.8367652828060015,1.5402135123920568,2.209830012607576,0.6125336285762734,10.606975103481334,9.613164433558836,3.076916713516044,0.8528777999231807,18.218954560077616,1.8315018315014708,63.166658510888404,23.826601032779447,1.830244621896008,1.5402135123920568,2.2121385247420067,0.6131735154934786,10.606836106452718,9.613164433558836,3.085124112811407,0.8551527749406621,16.359779816001247,16.353674099998898,0.6259212317909013,0.17349651381528935,0.01,0.01,0.0,0.0,,,,,,,,,,,,,0.0,0.0,0.0,0.0,,,,,,,,,,,,,,,,,,,,,,,,,,,,,0.0,0.0,0.0,0.0,0.0,0.0,0.0,0.0,ann_snn_baseline,Базовое сравнение ANN/SNN,baseline,main_baseline,ANN (frog_lib_ann),ANN,frog_lib_ann,ANN,baseline,baseline,10,,,7.611979456596282,63.24155409138128,7.612118453624898,63.24195394058157,,,,
ANN_FROZEN,adult,50,67.68,49.0,45.63176086893864,12.648478798780507,4.0607999999999995,2.9399999999999995,2.7379056521363183,0.7589087279268304,1.0,1.0,0.0,0.0,0.228,0.14,0.18058792872171717,0.05005642000782716,13.466600000000001,6.0,23.926444166235818,6.632071960493649,9.887736645065736,8.439110708951763,4.700896428021269,1.3030220108285075,0.1840748616831511,0.18606670746332055,0.013494955988173433,0.003740610957292165,-0.4656116247446234,-0.3744615232625167,0.45491405324316475,0.12609574226687756,4.153548836335321,3.6767272373173396,2.6014213498301704,0.7210772094578431,0.0,0.0,0.0,0.0,12.483307779309476,12.501809650050244,0.09910048150431268,0.027469252016296197,1924.78494791675,1928.141225744408,17.46555377941258,4.84120451372358,1.0,1.0,0.0,0.0,0.15161081594498577,0.14651086956521742,0.021214329623220955,0.005880312163283227,0.8555848770946918,0.788543956043956,0.1858435194756234,0.051513195441428704,0.28387457726851734,0.25629344596217407,0.19747352051813732,0.05473686726155704,0.996611013309935,0.5175090564086342,1.5366064989822414,0.45928737674681835,0.7543124371546945,0.673956868888194,0.902557024004677,0.2501760432958526,9.380186977608801,8.354536462608934,4.4716061245262155,1.2394659812715314,0.996611013309935,0.5175090564086342,1.5366064989822414,0.45928737674681835,0.7543124371546945,0.673956868888194,0.902557024004677,0.2501760432958526,9.32850092282811,8.31286830592079,4.451572188527576,1.2339128575281215,12.597967545999273,12.008695299991814,1.4305095132362744,0.39651700712560484,0.0,0.0,0.0,0.0,,,,,,,,,,,,,0.0,0.0,0.0,0.0,,,,,,,,,,,,,,,,,,,,,,,,,,,,,0.0,0.0,0.0,0.0,0.0,0.0,0.0,0.0,ann_snn_baseline,Базовое сравнение ANN/SNN,baseline,main_baseline,ANN frozen (frog_lib_ann_frozen),ANN frozen,frog_lib_ann_frozen,ANN,baseline_frozen,baseline,11,,,-8.383575964298867,4.7282576987316185,-8.331889909518177,4.709315712753463,,,,
ANN_FROZEN,developmental,50,92.08,76.0,60.02527467658936,16.638157276429382,5.524799999999999,4.56,3.6015164805953614,0.9982894365857629,0.99953247302729,1.0,0.0025454820197094033,0.0007055716182297795,0.3118,0.17,0.3092551697223508,0.085721159630047,21.9714,7.779999999999999,43.48176404011227,12.052530082600967,11.197218942911041,11.064356705240765,5.0256102565226515,1.3930280920592297,0.1887766692402481,0.19376281141639057,0.011673247912671937,0.0032356592409486387,-0.3189792842787112,-0.16095078403952678,0.35199243726537555,0.09756732581215717,5.776129856026589,4.66801965332443,3.6514390780947923,1.0121272746184702,7.243392648025186e-06,0.0,3.072717544808638e-05,8.517138497411864e-06,26.92084275486349,27.00439626996055,0.4915152368570918,0.1362410727589594,4163.187988795117,4173.386864532351,77.47128300167329,21.473944066620472,1.0,1.0,0.0,0.0,0.1352372675614308,0.13418511066398392,0.012349655476032511,0.0034231498519087062,0.9773327139753638,0.9292221852098601,0.17778705130356814,0.04928005639689415,0.20655476719806562,0.1591139520981892,0.13464055722832313,0.037320458407242026,0.8843905839995544,0.6735321512035716,0.9672875258199433,0.285815199253204,0.9876468470406898,0.899803915159249,1.345729656305742,0.37301722972211176,11.743717559583564,11.116097416718917,4.815025146201577,1.33465687752545,0.8843905839995544,0.6735321512035716,0.9672875258199433,0.285815199253204,0.9876468470406898,0.899803915159249,1.345729656305742,0.37301722972211176,11.732917397391404,11.116097416718917,4.820983477992967,1.3363084428366365,12.811321516000026,12.879151300003286,0.5706886661240308,0.1581868276989422,0.01,0.01,0.0,0.0,,,,,,,,,,,,,0.0,0.0,0.0,0.0,,,,,,,,,,,,,,,,,,,,,,,,,,,,,0.0,0.0,0.0,0.0,0.0,0.0,0.0,0.0,ann_snn_baseline,Базовое сравнение ANN/SNN,baseline,main_baseline,ANN frozen (frog_lib_ann_frozen),ANN frozen,frog_lib_ann_frozen,ANN,baseline_frozen,baseline,11,,,-10.85932697558401,4.9112230977792475,-10.84852681339185,4.917064861549829,,,,
SNN,adult,50,14.1,12.0,7.854298186343577,2.1771003835376996,0.846,0.72,0.47125789118061456,0.13062602301226198,1.0,1.0,0.0,0.0,0.2386,0.15,0.18424993894164524,0.05107147745346711,224.76911764705883,137.925,273.6189269271241,91.97350731897805,2.8088633611359053,2.9058443771958817,1.143241852992055,0.31689047418048677,0.13328997040579443,0.13333333333333333,0.027851994770685524,0.007720179073794206,-2.904162001371589,-2.5,1.9972629349838198,0.5536130407347254,45.98742444779918,28.924904112674746,45.711841770490246,12.67067609220453,0.010121368472742264,0.008264806196097613,0.008684833026281437,0.0024073128959317437,3.495135342287299,3.5294285318009795,0.8060122418234746,0.22341519498979812,614.9697344776421,615.5620130317116,143.2322239033696,39.701946908149,1.0,1.0,0.0,0.0,0.1323011934939845,0.12886274509803922,0.03332531088123222,0.009237304897233505,0.8077440847459034,0.7754166666666666,0.22713069893600088,0.06295741771384826,2.2959806912143867,1.9263229660838506,1.4731610189950721,0.40833940135395114,0.16553313561962885,0.08358676067421068,0.2658081768410718,0.0736782676209487,0.3582132384360811,0.35679115860605587,0.2811604184961505,0.07793369189979123,4.572600405122845,4.1508148540609024,1.8067616043208539,0.5008087659018825,0.16553313561962885,0.08358676067421068,0.2658081768410718,0.0736782676209487,0.35617526418248785,0.35679115860605587,0.2789398069771134,0.07731816979010234,4.450080455756308,4.123786218085373,1.703420284217886,0.47216401339902386,23.256012460000058,22.98031459999038,1.887508878824441,0.5231907684844992,0.0,0.0,0.0,0.0,0.03088121875,0.03057169034090909,0.007010270666423029,0.0019431478910628974,10.870189,10.761235,2.467615274580906,0.68398805765414,111948.64176557446,81936.3346153846,89121.6385469694,24703.257867071243,0.0,0.0,0.0,0.0,,,,,,,,,,,,,,,,,,,,,,,,,,,,,0.0,0.0,0.0,0.0,0.0,0.0,0.0,0.0,ann_snn_baseline,Базовое сравнение ANN/SNN,baseline,main_baseline,SNN (frog_lib_snn),SNN,frog_lib_snn,SNN,baseline,baseline,20,,,-4.407067269503216,1.826209594138537,-4.284547320136679,1.724034411362058,,,,
SNN,developmental,50,13.4,11.5,7.994998436522674,2.216100503136083,0.8039999999999999,0.69,0.4796999061913604,0.13296603018816494,1.0,1.0,0.0,0.0,0.295,0.19,0.2529209362626985,0.07010610678107863,235.01483870967743,122.25,247.71240931410722,87.20130569765503,2.5866352589320227,2.4673029982110064,1.1291036336759843,0.31297155972558666,0.12910444046228878,0.13137254901960785,0.029227847709809837,0.008101546051516941,-3.245335576247021,-2.6136363636363633,2.325379070560093,0.6445621933719466,49.627438373420524,28.78734392216036,61.10482976262622,16.93739467945381,0.013766447377219245,0.005997246928968883,0.01853547820007518,0.0051377724325009635,3.3781742382763276,3.358394311491521,1.0366869632055336,0.2873549656069261,594.8042059709721,589.4916820667343,185.25944120049172,51.35129720346568,1.0,1.0,0.0,0.0,0.12253450441003821,0.12430555555555556,0.03724269251754965,0.0103231476880915,1.4818013794059754,0.986078947368421,2.5878080147972793,0.7173037855034451,2.818480314421718,2.176381295833077,2.166840986877649,0.6006176785850614,0.1326476828936663,0.07689325270008296,0.1670392734913645,0.046300924380005506,0.33951556019206286,0.2927390771473644,0.3264195604763448,0.09047888601210424,4.338306302709499,3.7943094537296638,1.9839920749062712,0.5499345459947445,0.1326476828936663,0.07689325270008296,0.1670392734913645,0.046300924380005506,0.33951556019206286,0.2927390771473644,0.3264195604763448,0.09047888601210424,4.302882241412102,3.7943094537296638,1.9524882802687873,0.5412021396408053,25.36403772000078,26.07288089999929,2.4380639940789393,0.6757968606065509,101.83863636363635,39.125,145.71817451678473,43.05696907341352,0.030002267613636363,0.029554346590909088,0.008164759480934584,0.0022631558639245922,10.560798199999999,10.40313,2.873995337288973,0.7966308641014562,121451.70187498383,76710.75824175825,116960.50544090521,32419.798079081902,0.0,0.0,0.0,0.0,,,,,,,,,,,,,,,,,,,,,,,,,,,,,0.0,0.0,0.0,0.0,0.0,0.0,0.0,0.0,ann_snn_baseline,Базовое сравнение ANN/SNN,baseline,main_baseline,SNN (frog_lib_snn),SNN,frog_lib_snn,SNN,baseline,baseline,20,,,-4.205658619815832,1.9910114696252792,-4.170234558518436,1.9596205253761476,,,,
SNN_FROZEN,adult,50,19.04,18.5,4.963708291187144,1.3758697426718853,1.1423999999999999,1.1099999999999999,0.29782249747122863,0.08255218456031312,1.0,1.0,0.0,0.0,0.3408,0.14500000000000002,0.46603364685395837,0.12917793636500002,110.21459999999999,12.385,193.61503861229374,53.667350643039676,4.274740866359692,4.055976817683021,1.3520941451129829,0.37478137601431105,0.15252082121095462,0.1547008547008547,0.010775869867482812,0.0029869187373405045,-1.590892627177596,-1.4642857142857144,0.4894455152694968,0.1356673752044148,3.72139372945841,3.612032398830205,1.0077819239767802,0.2793428975012731,0.0,0.0,0.0,0.0,2.7994597453148584,2.6364088650525384,0.6410263598603904,0.17768344170283115,480.03767492797056,451.33984970954805,110.92924586283091,30.74801821675486,1.0,1.0,0.0,0.0,0.2195018597562657,0.21576923076923077,0.044975414749510556,0.0124665489363741,1.2635557508504272,1.2504395604395606,0.23298370099993876,0.06457978711413431,1.2312230815866572,1.1741875000002704,0.3500767273789363,0.09703631812317413,0.4218804163980073,0.391847403907397,0.21456556091598397,0.0594745391480527,0.27906459257953203,0.2902547271966796,0.2717096291335532,0.07531406673941479,7.479946628220297,7.344147501864542,3.1825671627681054,0.8821626103709835,0.4218804163980073,0.391847403907397,0.21456556091598397,0.0594745391480527,0.27906459257953203,0.2902547271966796,0.2717096291335532,0.07531406673941479,7.399623570974698,7.344147501864542,3.151000229360093,0.8734127028427481,21.876481480000656,21.62371505000192,1.6941929723774423,0.4696063330474196,0.0,0.0,0.0,0.0,0.015469082954545455,0.014990866477272727,0.0013891731178593278,0.00038505914289711275,5.445117199999999,5.276785,0.48898893748648337,0.13554081829978368,30322.869189226563,30872.04761904762,7097.06683769679,1967.2065622880702,0.0,0.0,0.0,0.0,,,,,,,,,,,,,,,,,,,,,,,,,,,,,0.0,0.0,0.0,0.0,0.0,0.0,0.0,0.0,ann_snn_baseline,Базовое сравнение ANN/SNN,baseline,main_baseline,SNN frozen (frog_lib_snn_frozen),SNN frozen,frog_lib_snn_frozen,SNN,baseline_frozen,baseline,21,,,-7.05806621182229,3.1897918624043515,-6.97774315457669,3.1582971401308253,,,,
SNN_FROZEN,developmental,50,20.16,20.5,6.850868558073494,1.8989638808571372,1.2096,1.23,0.4110521134844096,0.11393783285142822,1.0,1.0,0.0,0.0,0.4824,0.2,0.6990123317939391,0.19375633309824994,117.34326530612245,14.040000000000001,219.69832702945615,61.51553156824772,4.295961063753411,4.118129830157283,1.606287416945522,0.44524015622226626,0.1540872508015323,0.15555555555555556,0.013823107893044634,0.003831570024672099,-1.5442803676318855,-1.4285714285714286,0.6108476808343859,0.16931833865690749,3.862905532983674,3.726974046803361,1.1125423266033625,0.30838099961133214,0.0,0.0,0.0,0.0,3.0136471316390128,2.9897235571544547,0.7039323103596107,0.19512008157942487,519.4085486895543,507.3716673990619,123.0165486785752,34.09844762136394,1.0,1.0,0.0,0.0,0.2044236588431365,0.2,0.043376538847773226,0.012023363147355567,1.568589939895589,1.594682971014493,0.2873567155526534,0.07965121781721583,1.34616788376376,1.1971123694680137,0.5197627017115287,0.14407087054732057,0.41667658376304306,0.34070582890912926,0.28042162063041814,0.07851805377651708,0.33833465511387656,0.3166650918069013,0.29359468400033034,0.08138029445496642,6.990067410119668,6.775094067598648,3.468173739873463,0.9613287145606729,0.41667658376304306,0.34070582890912926,0.28042162063041814,0.07851805377651708,0.33833465511387656,0.3166650918069013,0.29359468400033034,0.08138029445496642,6.95330968401264,6.686413716492256,3.440800668414615,0.9537412862560944,24.056492760000403,24.71883579999121,2.0869595328874135,0.578475669204507,31.602800000000002,4.779999999999999,117.03094421630546,32.439322711493546,0.015999032386363635,0.015780071022727275,0.0016821912816861375,0.00046627963411299773,5.6316594,5.554584999999999,0.5921313311535203,0.16413043120777518,30632.334452424864,28766.16369047619,8964.732273674399,2484.897009036929,0.0,0.0,0.0,0.0,,,,,,,,,,,,,,,,,,,,,,,,,,,,,0.0,0.0,0.0,0.0,0.0,0.0,0.0,0.0,ann_snn_baseline,Базовое сравнение ANN/SNN,baseline,main_baseline,SNN frozen (frog_lib_snn_frozen),SNN frozen,frog_lib_snn_frozen,SNN,baseline_frozen,baseline,21,,,-6.573390826356625,3.4794921145570763,-6.536633100249597,3.4522087893230693,,,,
BIO_COMPARE,adult,50,37.46,35.0,15.850817013643177,4.393622317496122,2.2476,2.0999999999999996,0.9510490208185906,0.26361733904976736,0.9197592086707997,0.9283269148480959,0.045003077185062815,0.01247421657231325,1.2402,0.05,2.907598658687268,0.8059452295824574,102.89285714285714,78.77,99.9476915231979,27.985353626495414,4.2645857515235495,4.237940001303389,1.3645921429862846,0.378245644280918,0.17990252105322,0.19069476118738285,0.021097476121278734,0.005847922025060761,-0.6495800618924409,-0.24405660844557672,0.7833611503845812,0.21713663276957262,1.8430522647593568,1.678731722736289,0.7023444893959306,0.1946799600628994,0.7492475143924787,0.7601987878854917,0.05527606460706947,0.015321743407418096,0.3969945637209941,0.4153771706279753,0.06820542606760012,0.01890557956015816,16.587506410170878,17.31498711938094,4.088712372600812,1.1333332480350495,1.0,1.0,0.0,0.0,2.7376260315932224,2.6974603174603176,0.4980391614586061,0.13804941239862611,7.104415707395874,6.958937175247993,1.2424678877326496,0.3443945277783348,44.37953115522733,38.411833059298154,19.414506613250094,5.381426677611124,0.13518653370141326,0.0,0.2439390846328092,0.0996950379837456,0.2622060457204277,0.21959742142891914,0.2797607733248486,0.07754573005177326,3.616526040764888,3.3862946588249536,1.0223878304276621,0.28339144821601675,0.14951897085208338,0.0,0.25787743178505557,0.1053914767109201,0.39774877719104745,0.42473055157682754,0.4234748918178707,0.11738125132532913,3.9182172612825754,3.619403097313172,1.164250084516811,0.3227136588654684,1408.3131127659994,1495.6343029499913,245.54098554474245,68.06048880766285,0.0,0.0,0.0,0.0,,,,,,,,,,,,,0.18663960773428567,0.19449869080762333,0.04568172607597681,0.012662328447574776,0.3257599619595203,0.24329173911839397,0.18657291183216074,0.05171537268775835,0.35127136432181727,0.36279012034812996,0.06858959513100672,0.019012065791702063,0.5680060401461465,0.5654455569870136,0.03483654425604016,0.009656197417208096,,,,,,,,,,,,,,,,,0.5229887640373635,0.5383713495795701,0.050315610584961645,0.013946775702113858,0.5645983763194802,0.5798522463318381,0.08493966568657856,0.023544074130689617,bio_compare_family,Семейство compare-биолягушек,bio,bio_family,BioFrog compare (Frog_predator_neuro_compare),BIO compare,Frog_predator_neuro_compare,BIO,bio_compare,bio_family,40,,,-3.4813395070634745,1.051086653334574,-3.768698290430492,1.19246762183359,0.15349467887657434,0.15752707427996432,0.02184336235521937,0.006054671140953904
BIO_COMPARE,developmental,50,37.42,36.5,13.71873171980559,3.8026384255145795,2.2451999999999996,2.1899999999999995,0.8231239031883353,0.22815830553087474,0.8964492132360493,0.9007042253521127,0.05252048722691951,0.014557936326395484,0.8937999999999999,0.08499999999999999,1.8724453423264455,0.5190153691923968,84.95639999999999,75.80000000000001,45.263925316304594,12.546519985437925,4.384350104389604,4.488522290343774,1.0856816849786048,0.3009356096100962,0.18015259978277473,0.1844600257805119,0.017861367716384937,0.004950918539540728,-0.6116459210751072,-0.421283676581447,0.6165296058250158,0.17089328791180602,1.7854765343646009,1.52787547435394,0.6027749333241124,0.16708068721003755,0.7340522535943874,0.7317371901765133,0.051901296184306354,0.014386305325843446,0.3987334496200058,0.4050183589585617,0.05690918484847213,0.015774421243116118,16.13654956870613,16.63160858509901,3.1679410828294827,0.878108467850727,1.0,1.0,0.0,0.0,2.7065418946126503,2.690892857142857,0.45534388502751716,0.12621488555891572,6.812580417623285,6.638148780487805,1.0018575956633953,0.2777007574733201,44.28645067908754,38.382259870945035,15.45447450371377,4.283761778730239,0.16257724314708913,0.0,0.21953941596218368,0.07379537047223335,0.437989441899619,0.4610235713009596,0.28953297950655343,0.080254447409002,3.8654654510511595,3.813264552383622,0.9739755087035251,0.2699722372702409,0.24479094195650236,0.062453160129940524,0.3238451197736597,0.10885640049911834,0.48208934250533436,0.5122610746170367,0.3053861591244838,0.08464872460699512,4.310799856486486,4.195456720414089,1.0212240199713685,0.28306885641587765,1465.1825100140006,1554.7444863499986,201.89390603584565,55.96213561496894,8.8408,4.74,8.785158812451828,2.435121785073494,,,,,,,,,,,,,0.1850416329877004,0.19932570034388614,0.04873801123445545,0.013509487472208396,0.3405236716374263,0.30254386258605814,0.15784425862521034,0.04375219629293777,0.3393524329408281,0.34289155771648594,0.05198424822105431,0.01440929845734095,0.5648492959045621,0.5615762771385331,0.036982276798280526,0.010250964133450577,,,,,,,,,,,,,,,,,0.515968904941026,0.5224090817229399,0.0435446773127737,0.012069968752077378,0.5549449437026556,0.5654505700759238,0.07486302069739154,0.020750970641331887,bio_compare_family,Семейство compare-биолягушек,bio,bio_family,BioFrog compare (Frog_predator_neuro_compare),BIO compare,Frog_predator_neuro_compare,BIO,bio_compare,bio_family,40,,,-3.70288820790407,0.9984116619487712,-4.066008914529983,1.0713422238331214,0.15034472118623884,0.15054593901056856,0.0175402813585103,0.004861917941868867
BIO_DUAL_COMPARE,adult,50,89.84,85.0,35.29326281317725,9.782793342435482,5.3904,5.1,2.117595768790635,0.5869676005461288,0.920251937753537,0.9206233123312331,0.03291964854297958,0.009124861033855333,0.7192000000000001,0.14,1.475831751928383,0.409079690754161,50.2924,31.205,57.4954922949617,15.936937375855113,9.203362210328706,8.924655484174036,3.0497430101529637,0.8453456336353302,0.1898798013375908,0.1921922849633151,0.011255925433104831,0.0031199833512931927,-0.28729439780289917,-0.20322134619914012,0.35268075896091117,0.09775811885206918,1.6283411900252918,1.4863165101771114,0.5400006600958642,0.14968054641080702,0.17242548261691218,0.20958553016527234,0.11139115387644834,0.030876052585930472,0.5896767051330649,0.6068703054957341,0.11355153662226046,0.03147488013142316,28.84496986426386,29.694272444207066,6.679022965218856,1.8513307127195187,1.0,1.0,0.0,0.0,2.5405860331669263,2.617372468117029,0.6907707306801892,0.19147187782038605,3.3916446850912236,3.5257352941176467,0.9314786881633826,0.2581927195969823,19.484229875096535,16.84699015358664,10.727539741429412,2.9735223098722647,0.09601729011382068,0.0,0.20888512919150926,0.07353307836599211,0.3624731927991385,0.37236303791680425,0.3285371663921349,0.09294370051309503,8.828457017749317,8.642554179119493,2.419834083989543,0.6707437873330547,0.1505438311875425,0.0,0.35906487544203525,0.12640031258590717,0.4517303733737857,0.4804941189963168,0.3989098934867192,0.1128522598496115,9.577183436842848,9.463945071434868,2.6817025129462446,0.7433300125554836,1470.8967428080002,1585.2987640499996,274.57968128212553,76.1096046073677,0.0,0.0,0.0,0.0,,,,,,,,,,,,,0.17904481816859652,0.1821116873348978,0.07683255480656859,0.021296897643687793,0.3393159699966475,0.29827339161955874,0.19093477952981472,0.05292442072899703,0.3764969524016045,0.36517468424523636,0.06791600768452138,0.018825356877258354,0.5837849371889628,0.5835692612168,0.041256380385321444,0.011435685204367604,0.3984082798348165,0.404627993710066,0.042004427310003666,0.011643033233178312,0.1630365202220887,0.158958929836378,0.03415015566956782,0.009465940207790829,0.2752486136914203,0.2700975926141236,0.031766378778103496,0.008805190964313066,0.1997564283300854,0.195254118741633,0.034344466512334956,0.009519800425505686,0.5203748113064941,0.5261323488566899,0.043391480381678886,0.012027504729254406,0.5439301342643087,0.5508633677438803,0.07962969228070588,0.022072224595030197,bio_compare_family,Семейство compare-биолягушек,bio,bio_family,BioFrog dual compare (Frog_predator_neuro_dual_compare),BIO dual compare,Frog_predator_neuro_dual_compare,BIO,bio_dual_compare,bio_family,41,,,-8.732439727635496,2.4288330513303844,-9.426639605655305,2.705634112868628,0.1578965672333778,0.15364064424615892,0.02637656191731259,0.007311209952078481
BIO_DUAL_COMPARE,developmental,50,80.76,86.0,35.994755173497154,9.977237104369124,4.845599999999999,5.16,2.159685310409829,0.5986342262621475,0.9079471948303136,0.9115555555555556,0.032418902510699156,0.008986061315144858,0.7114,0.07500000000000001,1.2563073031706853,0.34823061802386074,57.651428571428575,31.98,71.5489465973027,20.033705047244755,8.523302630435277,8.81145937085367,2.814934544913076,0.7802600476792871,0.18635696786146633,0.18977652845171267,0.016642971104914084,0.004613196229131594,-0.42111089323282336,-0.2696161381028561,0.6296066118560598,0.17451804905153612,1.7142809483394095,1.5076316480172438,0.5955023710159154,0.16506483578514428,0.18061691594072837,0.19205178008811616,0.10901509716601314,0.03021744326745692,0.5585119860009441,0.5890055215088723,0.13435937581455173,0.03724251889574884,26.98957312863544,29.254557822366323,7.769974152930288,2.153726953967033,1.0,1.0,0.0,0.0,2.342034085365022,2.249083850931677,0.6235012863956004,0.17282573917403496,3.1964839247093564,3.19149215832711,0.9262372558112003,0.2567398686721137,19.782470148318325,15.739954049751539,10.827535704402488,3.001239776688004,0.11072759168644954,0.0,0.2045592048801984,0.068759963861068,0.3434562565547013,0.3602761847376283,0.3353394978188336,0.09295136649969636,8.49729843021458,8.481118184172551,2.153129269083936,0.5968169843206704,0.1787664590950728,0.0,0.35102017353989756,0.11799094771239788,0.39544003324041216,0.49347334793570663,0.3658496051323674,0.10140833677993895,9.381074383666038,9.165722109228161,2.4459458546800494,0.6779816009016804,1293.100082952001,1459.5149263499916,299.8818790564851,83.12301601243544,4.7924,3.205,3.3930438016624542,0.9405037581592537,,,,,,,,,,,,,0.16981872151495314,0.17761887263617998,0.07034001494996889,0.01949725741147536,0.38020085113038676,0.31621978840873854,0.21346858938153734,0.05917047415182858,0.35640824834662505,0.3721573524834315,0.07583237904688281,0.02101966306736332,0.5818562505976053,0.5834381148828462,0.03922325837418228,0.0108721325348336,0.3831760408407361,0.3889102117268983,0.038715881493144186,0.010731494838619467,0.15207418351189952,0.1533849302325527,0.03553587698566384,0.009850042560053757,0.2651209043211096,0.2668062599566383,0.032259045817729995,0.008941751300511171,0.187475689880256,0.19022063256303195,0.036157315358667515,0.010022296488808808,0.5038902241510563,0.5201594195721957,0.04918855694209379,0.013634372370849778,0.5169127263933939,0.5458958396291449,0.08519657492028351,0.023615285737120083,bio_compare_family,Семейство compare-биолягушек,bio,bio_family,BioFrog dual compare (Frog_predator_neuro_dual_compare),BIO dual compare,Frog_predator_neuro_dual_compare,BIO,bio_dual_compare,bio_family,41,,,-8.38657083852813,2.162824569327606,-9.202307924570965,2.471005116599012,0.15156988449080566,0.153035918025869,0.02715675236294432,0.007527467710329956
BIO_DUAL_FAST_COMPARE,adult,50,83.7,87.0,40.02161915765028,11.09342685377246,5.022,5.22,2.4012971494590167,0.6656056112263476,0.9179562148840429,0.9183031703247337,0.033306709362811195,0.009232148819385682,0.5554,0.135,0.8854269252739043,0.2454278221776822,43.22708333333333,29.755000000000003,40.84744917363942,11.555810030294035,8.99993559137532,9.450255850658401,3.560034614730005,0.9867912499950945,0.18413700961989068,0.19171783521347993,0.022758768012437078,0.00630840864367393,-0.5584866216691866,-0.216006216006216,1.0616399735924464,0.29427158720632307,1.8393684550521467,1.5439849036670596,0.9462136239643826,0.2622770354228746,0.17373243555141696,0.18904892371633397,0.1109738726430833,0.030760388129138946,0.5606168132957974,0.5897133103140848,0.1354152056455795,0.03753517999360196,27.49789328254912,28.123412565875025,8.129509032798543,2.2533849382051834,1.0,1.0,0.0,0.0,2.423619134676749,2.4453896103896104,0.6358451996936015,0.17624729737539796,3.3949426767508295,3.3279580152671757,0.9613531277164244,0.2664734917634869,2.805576104600499,2.02447983019324,2.410858711314886,0.6682559409553395,0.12837145867940108,0.0,0.22664264333505835,0.07113206137946555,0.3332942186586096,0.27045113122324216,0.3492310203941908,0.09680190010680047,8.676748752573223,8.821418070989832,2.593626914314442,0.7189167021600356,0.16982596840492467,0.0,0.3009068010522251,0.09443995501897942,0.39139639039883434,0.2865530641686758,0.36995996097795125,0.10254766929260778,9.47288732873699,9.491988292990138,2.9081249494615533,0.8060911099424036,163.19696719199973,182.22457339999528,34.82439542340243,9.652829932606974,0.0,0.0,0.0,0.0,,,,,,,,,,,,,0.1731197192171322,0.18293558767770093,0.072176542083362,0.020006316761098663,0.3863701802575153,0.32809079528843826,0.20929105363707723,0.05801252032123426,0.3656468401263415,0.3612832748079365,0.07120251956147058,0.01973633149243759,0.5902382982316948,0.58782459243908,0.041147089251637216,0.011405391247680944,0.3914449992884335,0.4024551688756016,0.04205215499479543,0.011656262672448415,0.1567076432796615,0.15821283750655915,0.03624922146931017,0.010047771562963425,0.26945701563835756,0.270954216234647,0.03385205200839863,0.009383310088629594,0.19295568409344427,0.19838471673245922,0.03679698166889589,0.01019960294398716,0.5131933392764162,0.5200695997140317,0.049598429436186246,0.013747983229887668,0.5317999391116107,0.5507977338929356,0.08969403773040902,0.024861918825980312,bio_compare_family,Семейство compare-биолягушек,bio,bio_family,BioFrog dual fast compare (Frog_predator_neuro_dual_fast_compare),BIO dual fast compare,Frog_predator_neuro_dual_fast_compare,BIO,bio_dual_fast_compare,bio_family,43,,,-8.548377293893822,2.6035106027120682,-9.303061360332064,2.923651077779331,0.15445572059862636,0.1537552713625887,0.026024591587786756,0.007213648754219083
BIO_DUAL_FAST_COMPARE,developmental,50,87.14,83.0,33.17529803935452,9.195723458912843,5.228399999999999,4.9799999999999995,1.9905178823612713,0.5517434075347706,0.9157104697760703,0.9193063728558908,0.02878607033275575,0.007979091610113759,0.6374,0.08499999999999999,1.1510670006563475,0.3190594944515521,35.867000000000004,22.795,45.46052055355284,12.601013404997552,9.697636238042907,9.81815253966575,3.1509160085901042,0.8733893580363385,0.19027454931934026,0.19248101470337567,0.009771661114416541,0.0027085662722846466,-0.2702561279179528,-0.1954179403811972,0.2867767600393989,0.07949046235054198,1.6082779750832572,1.479339367443611,0.3675728929589929,0.10188600779513106,0.18022131992821128,0.2002366212838042,0.1072725032150698,0.029734420867626773,0.5801602424324528,0.5930528345526105,0.10491857229650563,0.029081944505761907,28.279348758247735,28.727684615526496,6.384224988432692,1.7696168825210146,1.0,1.0,0.0,0.0,2.4942092141368954,2.528064236111111,0.6718919055780914,0.186238934482179,3.4564754412656735,3.3384131077642527,0.9371949077479783,0.25977717482834173,2.0808025420555962,1.953314693072349,0.7277455956711728,0.20172078750567002,0.06973372934057068,0.0,0.1606971758147187,0.05750474583911544,0.3701271332691148,0.4017946829171997,0.29763412439405856,0.0833375548303364,8.791409002926736,8.67220148710402,2.1276318550236226,0.589749461721841,0.10366366402543967,0.0,0.29835322714286155,0.10676433117226382,0.4436557081296205,0.4810261892038855,0.3708078363013439,0.1038261941643763,9.608750025568515,9.337803034002285,2.424714064579317,0.672096448940953,160.07622310999955,172.0848147499928,24.701363141106736,6.846868541598179,4.2706,3.3449999999999998,2.4511331338791047,0.6794194413383239,,,,,,,,,,,,,0.1768768971100452,0.16986976727145875,0.07173353356535594,0.019883521064834115,0.3349818081548301,0.2852095741076647,0.1763639302552205,0.04888558736774967,0.37167995543661314,0.3640434444336972,0.07262076091972233,0.02012944794049497,0.5772023665011755,0.5728320135366536,0.037261233126058356,0.010328286882573003,0.3936467256920836,0.3880856779743759,0.04201558701772342,0.011646126546340155,0.1615528965140693,0.15321169440781413,0.03746906699471355,0.010385895491824441,0.27361560784192995,0.27069970607690425,0.03430219214321612,0.009508082568220555,0.19799785178574006,0.1965336658201257,0.03800104929776924,0.010533353463057511,0.5216553941055924,0.5271810877256915,0.04488876865848335,0.012442531865270872,0.5475704280830657,0.5545363087034112,0.07963451758986377,0.02207356210249033,bio_compare_family,Семейство compare-биолягушек,bio,bio_family,BioFrog dual fast compare (Frog_predator_neuro_dual_fast_compare),BIO dual fast compare,Frog_predator_neuro_dual_fast_compare,BIO,bio_dual_fast_compare,bio_family,43,,,-8.721675273586165,2.133691845798284,-9.505086361543075,2.4430008070230578,0.15611449910202638,0.15031794518054636,0.026990275558522948,0.0074813226944218415
BIO_FAST_COMPARE,adult,50,33.4,33.0,13.055267136294072,3.618735425531963,2.0039999999999996,1.98,0.7833160281776442,0.2171241255319178,0.9110256819900817,0.9116883116883117,0.045916771931746564,0.012727479834828576,1.5554,0.05,4.462701966297996,1.2369978745312702,106.78183673469388,68.97,90.57236738299987,25.360262867239964,3.988956074981206,4.060095926597446,1.1593993149930397,0.3213690941519696,0.17554256182840555,0.1779784897974681,0.02103154173717922,0.005829645946217593,-0.7964083963972162,-0.6186696705052939,0.8590219520182796,0.23810873700441038,1.9671140183353535,1.7476171601707224,0.6946666849758939,0.19255178125544684,0.7493027820528401,0.7555779997526788,0.06145172301186813,0.01703354858245743,0.38352017801357646,0.4000489044240042,0.06108918141157532,0.016933057177837958,15.7450652579775,16.367162901622827,3.694309245405823,1.0240102787368328,1.0,1.0,0.0,0.0,2.7387266739163123,2.7258909574468086,0.5192708335212813,0.14393453164087322,7.001986664754399,6.91225,1.314600669976349,0.3643887149307207,5.894600702854656,5.251123513888848,2.399542433855209,0.6651192288757652,0.21673394137721005,0.0,0.28342861681393433,0.09977435335875955,0.31732774776248496,0.35486400165682797,0.27867052197161024,0.07724352779474479,3.6386610101894554,3.5923462486218316,0.9109972943872031,0.2525155668854852,0.3634885196198822,0.2303439803441257,0.5121524579239035,0.18029118190278853,0.40612485438477586,0.42889821872434464,0.32362371167574233,0.08970391626284156,3.9477285083783173,3.874527468414709,1.0333678784986347,0.2864349622639224,171.80745242000063,186.69689020000078,28.36011729999143,7.861023453163385,0.0,0.0,0.0,0.0,,,,,,,,,,,,,0.1739950316403955,0.1826721033154607,0.05309142422466656,0.014716191988108477,0.37674774756204954,0.3647828485364287,0.1861954700305442,0.05161075115804724,0.3458550090343131,0.3528047519281735,0.06533319861265251,0.018109438728040734,0.5788066612608544,0.570087044617466,0.043336014345978016,0.012012130328546316,,,,,,,,,,,,,,,,,0.5159610431952556,0.5226055005350816,0.050298048448536074,0.01394190772625647,0.5510741094535679,0.5589965483768782,0.08846386393741218,0.024520932047402424,bio_compare_family,Семейство compare-биолягушек,bio,bio_family,BioFrog fast compare (Frog_predator_neuro_fast_compare),BIO fast compare,Frog_predator_neuro_fast_compare,BIO,bio_fast_compare,bio_family,42,,,-3.4219270688122454,0.9540691019050268,-3.5842399887584353,1.1533209928160784,0.15126041735954415,0.15127626672431216,0.02119076702442092,0.005873780944112825
BIO_FAST_COMPARE,developmental,50,37.5,38.5,12.603570922560003,3.4935316228710454,2.2499999999999996,2.3099999999999996,0.7562142553536001,0.2096118973722627,0.9130225565246234,0.9090909090909091,0.04256677964357792,0.011798909347384996,1.9418,0.04,7.454206514445384,2.0662006300938733,114.2734,74.68,98.2818635885584,27.24234270675938,4.273340695468807,4.337909290283198,1.3329280238523058,0.3694687982438234,0.18272844157172335,0.18762953001118748,0.015923491207649104,0.004413766576332475,-0.5184654475252762,-0.32971566142020203,0.528325425129887,0.1464443363867826,1.8046819326119334,1.6057410842442428,0.6418091225091667,0.1779004124394188,0.7388570907542241,0.7371278513356521,0.05508002822491142,0.01526740489458627,0.4153020040010583,0.4226168625717426,0.04867417625415122,0.013491793318407986,17.2160476771733,17.279054462376596,3.6221096789096254,1.0039975799341023,1.0,1.0,0.0,0.0,2.69853882091739,2.622029177718833,0.4423935634147408,0.1226252395483869,7.155736039214339,6.824842047930284,1.1875940189751875,0.3291842673726646,4.970336384496151,4.521411339237767,1.7511847787408634,0.4854036558060647,0.168879354618988,0.0,0.24508410527575394,0.08920151258956256,0.3909262849348459,0.3521005878132708,0.3268592096844041,0.09060075055515816,3.6319293619122424,3.4021868316461217,1.1576910579775381,0.3208955894650587,0.4284447138680461,0.0,1.1847626487106586,0.4312096053952563,0.47436068578269996,0.4461949417027674,0.34169874633688346,0.09471406025783889,3.989548319707788,3.7581500863483988,1.3139582237049507,0.3642106379096197,166.79480725600035,172.87309030000324,16.36250440788046,4.5354548270107635,9.6844,4.535,11.108701483071728,3.079174954351974,,,,,,,,,,,,,0.18453393229642373,0.1880069467884955,0.04909929016161644,0.013609628881692168,0.3119613192952447,0.2653032445751166,0.1456132380540694,0.04036193035895689,0.3500140709516895,0.3514818604655974,0.053805973651281494,0.01491425498416901,0.562784981103773,0.5614708286850516,0.040486005323884126,0.011222148131807868,,,,,,,,,,,,,,,,,0.5230705232980699,0.5274047291882523,0.03693886766546876,0.010238931735717336,0.5648883347888006,0.5671785049180723,0.06283578220647454,0.017417190218148786,bio_compare_family,Семейство compare-биолягушек,bio,bio_family,BioFrog fast compare (Frog_predator_neuro_fast_compare),BIO fast compare,Frog_predator_neuro_fast_compare,BIO,bio_fast_compare,bio_family,42,,,-3.4630500072932544,1.183348978273091,-3.5611036058397416,1.7692226393028563,0.1532878090958327,0.1545139901438493,0.01795114194705109,0.004975802686714427
ANN_FROZEN_SOFT_SATED_V2,adult,50,116.26,91.0,75.0263447063763,20.796241746931102,6.975599999999999,5.459999999999999,4.501580682382578,1.247774504815866,1.0,1.0,0.0,0.0,1.0216,0.8300000000000001,0.6841384655170326,0.18963350770915988,29.293000000000003,15.29,59.28675512287715,16.433450100117625,11.345516737673229,10.889144802780198,4.909770659195256,1.3609189938575825,0.19000881304020573,0.19526225071765937,0.01249953729753485,0.003464694973234177,-0.2903644714587368,-0.12131762073707834,0.4207999839900586,0.11663980470340393,3.490383987075122,2.890870621744495,2.2859862323580344,0.6336430557069855,0.0,0.0,0.0,0.0,12.117846277031786,12.220471132044452,0.3079412097504867,0.08535694850757239,1863.4611065757326,1882.618126706845,53.40742680187751,14.803783433674047,1.0,1.0,0.0,0.0,1.1324405424979809,1.1686363636363635,0.15132157597569146,0.041944200904800735,1.6236868766952122,1.5867765567765568,0.22491827657112518,0.06234416552188372,0.16997906122113757,0.13198446530193347,0.15001758063392298,0.041582751836871074,1.5589204306345645,0.6056120045759905,3.15833983613645,0.9912486890171986,0.9652374424167968,0.7021213056127162,1.2066468504719112,0.33446544282270274,12.538004445229978,13.554701092984764,4.25168462241819,1.1785068509675594,1.5491163168284117,0.6056120045759905,3.159009517196522,0.9914588692091022,0.9675956548917423,0.7021213056127162,1.2067168606583578,0.3344848486563174,12.538004445229978,13.554701092984764,4.25168462241819,1.1785068509675594,11.75036990000001,11.760760499999947,0.3934321842288604,0.10905383763886278,0.0,0.0,0.0,0.0,,,,,,,,,,,,,0.0,0.0,0.0,0.0,,,,,,,,,,,,,,,,,,,,,,,,,,,,,0.0,0.0,0.0,0.0,0.0,0.0,0.0,0.0,ann_homeostasis_chronology,Хронология homeostatic ANN: V2 -> V3 -> V3.1,ann_homeostasis,chronology,ANN frozen homeostatic V2 (frog_lib_ann_frozen_soft_sated_v2),ANN frozen V2,frog_lib_ann_frozen_soft_sated_v2,ANN,ann_homeostasis_frozen,ann_homeostasis,31,,,-10.979084014595413,5.296407522937951,-10.988888128401566,5.296806892670858,,,,
ANN_FROZEN_SOFT_SATED_V2,developmental,50,134.48,135.5,58.264651376284746,16.15013739592329,8.0688,8.129999999999999,3.4958790825770847,0.9690082437553975,0.997882541380138,1.0,0.004374559343222539,0.0012125659859078858,1.521,1.245,1.0620983946885523,0.29439865505127566,46.496,20.765,75.16729514888773,20.835311216305843,11.235113842064118,11.69323690440891,3.772118212881252,1.0455778241641207,0.19395609353620888,0.1981685433218105,0.009281463595539994,0.0025726904523150225,-0.16950040578810363,-0.04621046118658493,0.28719067718257946,0.07960519432910856,4.287603136121169,3.4261925860390154,2.9586669649608184,0.8201006418849951,0.00038504221046714387,0.00038036703579913915,0.00014194846125515918,3.934610605674743e-05,25.297269772618623,25.28839893287263,1.103207051235084,0.305793393296608,3910.52023508005,3905.0868171483694,173.6285292073776,48.12737288071342,1.0,1.0,0.0,0.0,1.1640788346360929,1.1755330456325424,0.11419465276602023,0.031653142831669645,1.982418662763875,1.955206482593037,0.15554840543218332,0.04311581825526968,0.11922382973960097,0.08867946401329505,0.1001158711206474,0.027750703658532817,1.0331712758261955,0.8108849672807803,1.2470374828698156,0.4619091477349302,1.526227130582434,1.137764632964449,1.4009319377367577,0.3883185214765528,11.839459399893531,11.879974207965812,2.8910326868533147,0.8013533764623297,1.0331712758261955,0.8108849672807803,1.2470374828698156,0.4619091477349302,1.5307029054509596,1.137764632964449,1.3978327166400057,0.38745946121702024,11.86423808269066,11.879974207965812,2.903313319053308,0.804757394038232,11.887158458000021,11.901969849999887,0.38469347548957455,0.10663159115718443,0.01,0.01,0.0,0.0,,,,,,,,,,,,,0.0,0.0,0.0,0.0,,,,,,,,,,,,,,,,,,,,,,,,,,,,,0.0,0.0,0.0,0.0,0.0,0.0,0.0,0.0,ann_homeostasis_chronology,Хронология homeostatic ANN: V2 -> V3 -> V3.1,ann_homeostasis,chronology,ANN frozen homeostatic V2 (frog_lib_ann_frozen_soft_sated_v2),ANN frozen V2,frog_lib_ann_frozen_soft_sated_v2,ANN,ann_homeostasis_frozen,ann_homeostasis,31,,,-10.806288124067336,3.14851909318279,-10.831066806864465,3.1597991569520083,,,,
ANN_FROZEN_SOFT_SATED_V3,adult,50,14.44,15.5,2.829558269412383,0.7843135373050755,0.8664000000000001,0.9299999999999999,0.169773496164743,0.04705881223830453,0.9968484848484849,1.0,0.015628374750338132,0.0043319644678363745,89.28200000000001,87.41499999999999,6.813924860166864,1.888723610246878,643.1508695652175,611.33,81.99286644013577,23.694809692614434,0.7333868888767588,0.7619529852929293,0.0936495578830502,0.02595833307421694,0.16873206861462883,0.1791600123882335,0.025102217281547323,0.006957979640539299,-1.0936833388352212,-0.5825726162944411,1.1371537963941996,0.31520295098748713,23.135212908527986,23.51046210161252,4.773859473614578,1.323246335240008,0.13078743215669605,0.12631017157029586,0.03305522070214708,0.00916243971914561,11.811601232229707,11.766976863916536,0.3915658153888334,0.10853650659017527,1820.2878953096786,1813.402198953288,62.572147295585,17.344114349115763,1.0,1.0,0.0,0.0,10.929037412065059,9.95770588235294,5.1679460210366965,1.4324815531021848,29.23975622482093,30.905541666666668,11.29423405646065,3.1306019599354986,0.933579895871489,0.8383490968749996,0.23509550857808642,0.0651651503100895,1.2441883385299388,0.965199206391891,1.482050567709759,0.6664112085038574,1.6488091593812035,1.6257779168822282,0.578435916654137,0.16033425598601478,0.0,0.0,0.0,0.0,1.2441883385299388,0.965199206391891,1.482050567709759,0.6664112085038574,1.6533820642977246,1.6257779168822282,0.5750824657954615,0.159404726831737,0.0,0.0,0.0,0.0,12.865264027999988,13.083542549999947,0.7330437009857169,0.203189347374249,0.0,0.0,0.0,0.0,,,,,,,,,,,,,0.0,0.0,0.0,0.0,,,,,,,,,,,,,,,,,,,,,,,,,,,,,0.0,0.0,0.0,0.0,0.0,0.0,0.0,0.0,ann_homeostasis_chronology,Хронология homeostatic ANN: V2 -> V3 -> V3.1,ann_homeostasis,chronology,ANN frozen homeostatic V3 (frog_lib_ann_frozen_soft_sated_v3),ANN frozen V3,frog_lib_ann_frozen_soft_sated_v3,ANN,ann_homeostasis_frozen,ann_homeostasis,33,,,1.2441883385299388,1.482050567709759,1.2441883385299388,1.482050567709759,,,,
ANN_FROZEN_SOFT_SATED_V3,developmental,50,15.04,16.0,2.521586801995918,0.6989482018003909,0.9024,0.96,0.15129520811975508,0.04193689210802346,0.9988888888888888,1.0,0.007777777777777781,0.0021558900084176526,93.4334,90.105,17.0778773399975,4.733746087150649,643.4110638297873,598.42,86.48792207485224,24.726497635513024,0.7421935378290928,0.7894483079876768,0.11150287968452907,0.030907021399929225,0.1730089352645238,0.18058593826411556,0.021636576374791435,0.005997352991500063,-0.893558193851867,-0.5375418316537914,0.9162668598512856,0.2539762159111204,29.44531661912465,28.47435490887986,6.1935680306220435,1.7167694700436784,0.04240053007679455,0.04200212820576058,0.006984237784727986,0.0019359319444081837,25.430569132841484,25.318396828353965,1.0386354824485164,0.2878950675855605,3934.014885757643,3912.962185711437,158.3733926446527,43.89886476023302,0.9988235294117647,1.0,0.008235294117647061,0.0022827070677363375,6.2138016129132305,7.021503267973856,2.6161277468154434,0.7251536147276053,29.83148051508949,32.54382352941177,11.469625219576711,3.1792179100089273,0.9023869856187983,0.8282539352941218,0.19592049235509812,0.054306389817337236,0.8832116980978219,0.8606286592855343,0.620220687450961,0.28652733923345447,1.6391978581263962,1.6455736416185418,0.4661671498048349,0.12921494149501433,0.0,0.0,0.0,0.0,0.8832116980978219,0.8606286592855343,0.620220687450961,0.28652733923345447,1.6415221782627578,1.6455736416185418,0.4681246416109037,0.12975753054124817,0.0,0.0,0.0,0.0,13.136123297999974,13.065141799999992,1.2621278365944915,0.34984398757626645,0.01,0.01,0.0,0.0,,,,,,,,,,,,,0.0,0.0,0.0,0.0,,,,,,,,,,,,,,,,,,,,,,,,,,,,,0.0,0.0,0.0,0.0,0.0,0.0,0.0,0.0,ann_homeostasis_chronology,Хронология homeostatic ANN: V2 -> V3 -> V3.1,ann_homeostasis,chronology,ANN frozen homeostatic V3 (frog_lib_ann_frozen_soft_sated_v3),ANN frozen V3,frog_lib_ann_frozen_soft_sated_v3,ANN,ann_homeostasis_frozen,ann_homeostasis,33,,,0.8832116980978219,0.620220687450961,0.8832116980978219,0.620220687450961,,,,
ANN_FROZEN_SOFT_SATED_V3_1,adult,50,19.5,19.0,6.093439094632849,1.6890151449883448,1.17,1.14,0.36560634567797096,0.1013409086993007,0.999090909090909,1.0,0.006363636363636358,0.0017639100068871677,5.052,1.3250000000000002,9.706941227801886,2.69062683496913,284.97645833333337,241.14,210.61684141953114,59.58384814382317,2.3109995078856946,2.188940127918599,0.8418455244878901,0.23334767419815766,0.16137003121801638,0.16260815768126755,0.020367070078495704,0.005645463799239129,-1.3077644926655196,-1.149826174662758,0.8909061719453307,0.24694659186872872,9.774418692194399,8.795253372932486,4.167034725500783,1.1550430966418395,0.24388675167315887,0.25276037190232026,0.033606705635567787,0.009315303543714055,12.586278462462646,12.59235778856327,0.04237296678887743,0.011745187164919778,1942.5094175700976,1943.1754751954534,6.75181340690325,1.8715071937683934,1.0,1.0,0.0,0.0,1.1996400304963355,1.1608552631578948,0.29817568107271164,0.08265008206000121,4.3964610995569435,4.046978260869565,1.563588586762498,0.4334046443327758,0.6701798407841282,0.6179711578947239,0.24931590188852584,0.0691068422341425,0.9133213699356483,0.6910097214248645,1.3701396690625562,0.3959515031035331,0.8207954387485704,0.814392286257307,0.3617252214758559,0.10026511595645912,2.024764238144148,1.9297750224665027,0.7463366072993874,0.20687395301911002,0.9196679436320633,0.6910097214248645,1.3706273557133644,0.39609243783215325,0.8177502944848593,0.7954025910068607,0.3615724644098249,0.10022277385801136,2.0216056784473677,1.9297750224665027,0.7445370765293552,0.2063751485382161,11.703740367999998,11.693477200000189,0.23150806700059048,0.06417076223759878,0.0,0.0,0.0,0.0,,,,,,,,,,,,,0.0,0.0,0.0,0.0,,,,,,,,,,,,,,,,,,,,,,,,,,,,,0.0,0.0,0.0,0.0,0.0,0.0,0.0,0.0,ann_homeostasis_chronology,Хронология homeostatic ANN: V2 -> V3 -> V3.1,ann_homeostasis,chronology,ANN frozen homeostatic V3.1 (frog_lib_ann_frozen_soft_sated_v3_1),ANN frozen V3.1,frog_lib_ann_frozen_soft_sated_v3_1,ANN,ann_homeostasis_frozen,ann_homeostasis,35,,,-1.1114428682085,1.5602246774532222,-1.1019377348153045,1.5597931935217209,,,,
ANN_FROZEN_SOFT_SATED_V3_1,developmental,50,21.54,21.5,7.338146905043534,2.034030547656549,1.2923999999999998,1.29,0.440288814302612,0.12204183285939292,0.9978182654704394,1.0,0.008764051042141655,0.00242927100964485,6.0346,3.62,7.253555048388342,2.010582881270722,287.0160416666667,252.325,167.91349859798328,47.50300277189758,2.1681338973808364,2.0424746921546575,0.5989974581697113,0.16603362451744078,0.16863438956739427,0.18004953737998927,0.024760893281564746,0.006863369454671296,-1.0810296810978832,-0.5540411284252338,1.0471215238457614,0.29024727825318974,18.122725827239833,15.635860395984512,8.028727173071468,2.2254496319232095,0.05834928746938695,0.058534027086661986,0.005607837666830677,0.0015544132964676527,27.43077952094385,27.47612530418141,0.201819664443693,0.05594155689553212,4243.407279692099,4251.774455872457,31.31660841386179,8.680520979896501,1.0,1.0,0.0,0.0,1.653678943886056,1.559625,0.5118380278184961,0.14187426301312608,5.449169243965777,5.5387,1.3964128184293587,0.3870658855129097,0.6297224826149325,0.5481687196969784,0.28015793404114514,0.07765581738577323,1.0340443442967528,0.7293768690286331,1.0882627681743442,0.325278691933869,1.0367270231225332,1.02262697348359,0.37522452121741656,0.10400693094076183,1.8781854722498985,1.7295292623957574,0.7535199376131334,0.20886507059704024,1.0340443442967528,0.7293768690286331,1.0882627681743442,0.325278691933869,1.0367270231225332,1.02262697348359,0.37522452121741656,0.10400693094076183,1.8857939728616213,1.7295292623957574,0.7565646917291473,0.20970903337977204,11.79257319600003,11.787249250000059,0.254537479754643,0.07055418977625151,0.01,0.01,0.0,0.0,,,,,,,,,,,,,0.0,0.0,0.0,0.0,,,,,,,,,,,,,,,,,,,,,,,,,,,,,0.0,0.0,0.0,0.0,0.0,0.0,0.0,0.0,ann_homeostasis_chronology,Хронология homeostatic ANN: V2 -> V3 -> V3.1,ann_homeostasis,chronology,ANN frozen homeostatic V3.1 (frog_lib_ann_frozen_soft_sated_v3_1),ANN frozen V3.1,frog_lib_ann_frozen_soft_sated_v3_1,ANN,ann_homeostasis_frozen,ann_homeostasis,35,,,-0.8441411279531457,1.3236722211238652,-0.8517496285648685,1.3254078562335845,,,,
ANN_SOFT_SATED_V2,adult,50,19.68,18.0,7.44161272843461,2.0627098107101736,1.1808,1.0799999999999998,0.44649676370607655,0.12376258864261039,1.0,1.0,0.0,0.0,1.0016,0.8,0.72904419619115,0.2020807412052915,85.52113636363637,15.65,170.38768221611974,50.34634278118154,4.143339828678865,4.046230477401438,1.5113557772244535,0.4189264481934634,0.1522597025530898,0.151,0.021044944325966212,0.005833360954292953,-1.7120535486633828,-1.6228070175438596,1.06817368437008,0.29608263943561614,55.000604071193,48.418365844280785,29.521708538864534,8.183000117617214,0.005045260882886088,0.0021805225479788635,0.0070481529678151425,0.0019536483292858136,7.970586218613257,7.860453394559537,1.8159683993850628,0.5033607592932582,1240.3332491584663,1234.0700005697063,270.1464580358671,74.88077781714998,0.9993333333333334,1.0,0.004666666666666665,0.0012935340050505904,2.420773419444034,1.5154999999999998,2.050749471021464,0.568438752129809,8.477560977248208,3.0003676470588236,10.77504856289267,2.986691083322822,0.9496284274111996,0.8124176805555661,0.5196958411498037,0.14405233774513743,0.5000283117384967,0.2356827001237233,1.235100647929087,0.3494119888634884,0.38750081937991626,0.3496951020674588,0.39506417527903753,0.10950620247872186,8.421305621266784,8.504992199863661,3.935103559338745,1.0907550573000604,0.49291148185919753,0.2356827001237233,1.2310654085855448,0.3482704130680815,0.38599575861308666,0.3496951020674588,0.3923713935412958,0.10875980146173297,8.421305621266784,8.504992199863661,3.935103559338745,1.0907550573000604,15.405074392000024,15.170121800000175,0.893446767207516,0.24765080894688024,0.0,0.0,0.0,0.0,,,,,,,,,,,,,0.0,0.0,0.0,0.0,,,,,,,,,,,,,,,,,,,,,,,,,,,,,0.0,0.0,0.0,0.0,0.0,0.0,0.0,0.0,ann_homeostasis_chronology,Хронология homeostatic ANN: V2 -> V3 -> V3.1,ann_homeostasis,chronology,ANN homeostatic V2 (frog_lib_ann_soft_sated_v2),ANN V2,frog_lib_ann_soft_sated_v2,ANN,ann_homeostasis,ann_homeostasis,30,,,-7.921277309528287,4.124380393857399,-7.928394139407587,4.123173785197072,,,,
ANN_SOFT_SATED_V2,developmental,50,21.2,21.0,5.878775382679628,1.6295133997607998,1.2719999999999998,1.26,0.3527265229607776,0.09777080398564797,1.0,1.0,0.0,0.0,1.3172,0.975,1.024970321521555,0.2841072782262362,174.94920000000002,128.10500000000002,189.80135156357554,52.610250525438666,3.3056207528341957,3.2565419226522394,0.9087818743404817,0.25190148377850563,0.16696665057510274,0.1819025779083946,0.02075784240158098,0.005753780360984147,-1.08626496617923,-0.4975284237330978,0.7818600604503648,0.21672055186788375,42.29124403428181,36.76666727409352,14.279028600051827,3.957944797126494,0.003258117110568674,0.002921123239850775,0.002393074148522066,0.000663326311654453,18.08195966519371,18.541282497974414,2.301722235470678,0.6380048532347968,2801.134005288172,2837.15657300774,339.6171881711313,94.13708177121934,0.9973818181818181,1.0,0.010382184359089162,0.0028777946818256154,3.574758854666019,3.5115170278637775,1.796128481279048,0.49786141456592614,21.323974170301895,24.305892857142858,16.087764127485272,4.45930070660041,0.8041111879906417,0.7635775204545429,0.19436522330644648,0.05387529123131575,0.703137889726113,0.38663779771138357,1.1552779697344808,0.43577336391916394,0.713917574685709,0.9284780537251278,0.47153275148063817,0.13070221040041605,5.971162825149447,5.7872105165767955,2.5429627189662254,0.7048733036911546,0.703137889726113,0.38663779771138357,1.1552779697344808,0.43577336391916394,0.7125549293368708,0.9284780537251278,0.47034369132548276,0.13037261974082798,5.971162825149447,5.7872105165767955,2.5429627189662254,0.7048733036911546,15.952706621999987,16.021525799999836,1.0279097911545283,0.2849220576391786,0.01,0.01,0.0,0.0,,,,,,,,,,,,,0.0,0.0,0.0,0.0,,,,,,,,,,,,,,,,,,,,,,,,,,,,,0.0,0.0,0.0,0.0,0.0,0.0,0.0,0.0,ann_homeostasis_chronology,Хронология homeostatic ANN: V2 -> V3 -> V3.1,ann_homeostasis,chronology,ANN homeostatic V2 (frog_lib_ann_soft_sated_v2),ANN V2,frog_lib_ann_soft_sated_v2,ANN,ann_homeostasis,ann_homeostasis,30,,,-5.268024935423334,2.793085494109681,-5.268024935423334,2.793085494109681,,,,
ANN_SOFT_SATED_V3,adult,50,15.1,16.0,3.3,0.9147133321429178,0.9059999999999999,0.96,0.198,0.054882799928575074,1.0,1.0,0.0,0.0,100.2106,92.34,21.3073727531106,5.90610240309364,625.1237777777777,591.35,83.03419363367757,24.26089325244635,0.7445286045633985,0.7947829117590094,0.12449001335811567,0.034506871193126766,0.16377699928444162,0.17318779026228537,0.024837308920388202,0.006884550789100397,-1.305724621501924,-0.7740850248175745,1.358276913379732,0.376495151942537,58.33629158218248,47.04096633679574,32.36171854231624,8.970210727791919,0.020607812459353746,0.018499519829551433,0.009928154182326211,0.002751943937619471,9.719871227034941,9.965425220824589,1.5392266909125392,0.4266518713236139,1501.1392821234779,1517.794703130363,236.99918523709607,65.69282255860024,1.0,1.0,0.0,0.0,3.3092281165729696,3.1285294117647062,1.4991920027403116,0.41555482192381965,12.618883731236085,12.4953125,6.1137410169947906,1.6946425507618594,1.1264032677827702,0.9624231718750025,0.4890858617588836,0.1355676843374118,1.8360320527568064,1.1000361613699445,2.3594355648298584,0.8739471634629428,1.312719500224904,1.4352063203204288,0.3303364751354375,0.09156459936347945,0.0,0.0,0.0,0.0,1.8360320527568064,1.1000361613699445,2.3594355648298584,0.8739471634629428,1.312719500224904,1.4352063203204288,0.3303364751354375,0.09156459936347945,0.0,0.0,0.0,0.0,15.536641690000028,15.481314099999963,0.3828586350099771,0.106122999324141,0.0,0.0,0.0,0.0,,,,,,,,,,,,,0.0,0.0,0.0,0.0,,,,,,,,,,,,,,,,,,,,,,,,,,,,,0.0,0.0,0.0,0.0,0.0,0.0,0.0,0.0,ann_homeostasis_chronology,Хронология homeostatic ANN: V2 -> V3 -> V3.1,ann_homeostasis,chronology,ANN homeostatic V3 (frog_lib_ann_soft_sated_v3),ANN V3,frog_lib_ann_soft_sated_v3,ANN,ann_homeostasis,ann_homeostasis,32,,,1.8360320527568064,2.3594355648298584,1.8360320527568064,2.3594355648298584,,,,
ANN_SOFT_SATED_V3,developmental,50,17.04,17.0,0.7472616676907762,0.20713036667760715,1.0224,1.02,0.04483570006144654,0.012427822000656421,0.9988888888888888,1.0,0.007777777777777781,0.0021558900084176526,92.22120000000001,91.09,4.4888237390211705,1.244238460521905,587.8278,583.98,17.124728469672156,4.746732557738335,0.8204591186407475,0.8259570002003196,0.019373394891767176,0.005370031089808769,0.18279038424545704,0.1834816314577914,0.0073641530514834035,0.0020412390836766123,-0.4805049059257631,-0.45014329577741674,0.24292542433436495,0.067335492228824,38.79503231347502,38.2758776705342,3.5736782227349355,0.9905730651892283,0.018845031318340328,0.018611320039906884,0.0034809794760268156,0.0009648782835265444,22.97668141539357,23.076206071904835,1.4517828382901627,0.402413671987969,3598.413604076644,3608.0300270364364,259.7897480964989,72.0100442842175,1.0,1.0,0.0,0.0,6.81206200280112,6.443529411764706,2.8612071606614946,0.7930861623878341,23.64815641923436,24.466218487394958,8.123239062814735,2.251646991194175,0.9443313608559513,0.9521578617646971,0.051452158531648556,0.014261810720130275,54.28770358527476,1.9212295869357574,122.04705664445811,90.41372483602183,1.7702922999763069,1.7635468137224808,0.24738013114565657,0.0685702739594532,0.0,0.0,0.0,0.0,3.8675355180478763,1.5058981008948673,5.685730354406285,4.212047991068447,1.774591623156893,1.7635468137224808,0.2500448934024015,0.06930890837255496,0.0,0.0,0.0,0.0,16.05839046799998,16.176295099999834,0.4697970455883576,0.13022109727303785,0.01,0.01,0.0,0.0,,,,,,,,,,,,,0.0,0.0,0.0,0.0,,,,,,,,,,,,,,,,,,,,,,,,,,,,,0.0,0.0,0.0,0.0,0.0,0.0,0.0,0.0,ann_homeostasis_chronology,Хронология homeostatic ANN: V2 -> V3 -> V3.1,ann_homeostasis,chronology,ANN homeostatic V3 (frog_lib_ann_soft_sated_v3),ANN V3,frog_lib_ann_soft_sated_v3,ANN,ann_homeostasis,ann_homeostasis,32,,,54.28770358527476,122.04705664445811,3.8675355180478763,5.685730354406285,,,,
ANN_SOFT_SATED_V3_1,adult,50,32.7,31.0,11.344161493913951,3.144441139534973,1.962,1.8599999999999999,0.680649689634837,0.18866646837209836,1.0,1.0,0.0,0.0,4.9662,1.335,10.079461868572151,2.79388428848761,187.869375,168.53000000000003,96.38181001461173,27.26657133889053,2.9690425905589346,2.89305163296017,1.0812087936753285,0.29969578739544983,0.18307081647847145,0.19059036251233274,0.018471828418548004,0.005120129613182513,-0.5344826954297514,-0.24687455916330212,0.7237737018649324,0.2006198347122082,31.57686682340752,26.840211530639387,17.94881074119774,4.975156509419267,0.014918512311506111,0.012348267668061248,0.009713980234384776,0.0026925779480498607,8.993331508193526,9.057188086285135,0.9954972365177172,0.27593775586490527,1375.3043295266593,1391.0751569027188,145.96909048971887,40.460567621733894,1.0,1.0,0.0,0.0,1.6951872016963299,1.6534100877192983,0.42911980110606646,0.11894594035098066,4.824532700307908,4.4373015873015875,1.3243719046651172,0.36709716300384604,0.537772365026403,0.4754637032258085,0.2803139138902454,0.07769905279411192,2.312707064670387,1.5863573269878266,2.5901911824552175,0.8837530426570861,1.5171870295929808,1.4180021545043457,0.6246538856461933,0.17314522338650018,2.3822222729172933,2.3218131151741215,0.760022885893432,0.21066759589710843,2.312707064670387,1.5863573269878266,2.5901911824552175,0.8837530426570861,1.5171870295929808,1.4180021545043457,0.6246538856461933,0.17314522338650018,2.3822222729172933,2.3218131151741215,0.760022885893432,0.21066759589710843,14.97847320399997,14.957811750000019,0.2599697319007083,0.07205993324945391,0.0,0.0,0.0,0.0,,,,,,,,,,,,,0.0,0.0,0.0,0.0,,,,,,,,,,,,,,,,,,,,,,,,,,,,,0.0,0.0,0.0,0.0,0.0,0.0,0.0,0.0,ann_homeostasis_chronology,Хронология homeostatic ANN: V2 -> V3 -> V3.1,ann_homeostasis,chronology,ANN homeostatic V3.1 (frog_lib_ann_soft_sated_v3_1),ANN V3.1,frog_lib_ann_soft_sated_v3_1,ANN,ann_homeostasis_final,ann_homeostasis,34,,,-0.06951520824690638,2.6993934779410242,-0.06951520824690638,2.6993934779410242,,,,
ANN_SOFT_SATED_V3_1,developmental,50,44.84,44.0,8.403237471355906,2.3292585903673295,2.6903999999999995,2.6399999999999997,0.5041942482813543,0.13975551542203976,0.9977550700917953,1.0,0.008417981098948348,0.0023333453154348923,5.4468000000000005,2.62,6.659708834476174,1.8459771088137358,178.42680000000001,172.985,56.14378966332786,15.562264521840525,3.3691812576955544,3.250526310097716,0.7595501022821164,0.21053654696605112,0.19425481625893826,0.19528142648255054,0.005154998540850514,0.001428892694694925,-0.1516690689295728,-0.12081563815427018,0.14300764337241195,0.039639696360934853,17.583313860185235,17.24611536067441,3.6425277301865138,1.0096571750005712,0.011949960317640774,0.0111900895247608,0.0032302978908968294,0.0008953928932110541,20.903332120797263,21.024353286234366,1.0831613155199578,0.3002369988386567,3219.4392825038353,3238.5754969579602,162.49357244791076,45.04092033504093,1.0,1.0,0.0,0.0,2.6850872431716715,2.6101381381381383,0.4157380575771034,0.11523671028635651,5.502570168686053,5.571539480657128,0.7435028461582277,0.20608847450519263,0.35136651526128276,0.3476550568181861,0.06164622985907842,0.01708746312983208,1.7758401899456284,1.7432354156525858,1.0982783547233712,0.8788057111077897,2.3720441788348543,2.057265312572047,1.4932649752695861,0.4139119337276227,2.893428363981418,2.8791661896725937,0.5959818400321962,0.16519773781591446,1.7758401899456284,1.7432354156525858,1.0982783547233712,0.8788057111077897,2.3762050664908894,2.0697722776210066,1.4921563897514434,0.4136046494993604,2.899704182558489,2.8791661896725937,0.597053934107053,0.16549490713215168,15.257753661999995,15.272836449999886,0.19210640973975032,0.05324918005426051,0.01,0.01,0.0,0.0,,,,,,,,,,,,,0.0,0.0,0.0,0.0,,,,,,,,,,,,,,,,,,,,,,,,,,,,,0.0,0.0,0.0,0.0,0.0,0.0,0.0,0.0,ann_homeostasis_chronology,Хронология homeostatic ANN: V2 -> V3 -> V3.1,ann_homeostasis,chronology,ANN homeostatic V3.1 (frog_lib_ann_soft_sated_v3_1),ANN V3.1,frog_lib_ann_soft_sated_v3_1,ANN,ann_homeostasis_final,ann_homeostasis,34,,,-1.1175881740357896,1.2495638031337326,-1.1238639926128606,1.2500754955948,,,,
