Группа,Режим,Метрика,Сравнение,Mean diff (L-R),Cliff's delta,p raw,p Holm,significant<0.05,Предпочтительная архитектура
final_main,adult,"Темп ловли, мух/мин",ANN homeostatic V3.1 (frog_lib_ann_soft_sated_v3_1) vs SNN (frog_lib_snn),1.1160,0.8200,1.59e-12,3.18e-12,True,ANN_SOFT_SATED_V3_1
final_main,adult,"Темп ловли, мух/мин",ANN homeostatic V3.1 (frog_lib_ann_soft_sated_v3_1) vs BioFrog dual fast compare (Frog_predator_neuro_dual_fast_compare),-3.0600,-0.7412,1.70e-10,1.70e-10,True,BIO_DUAL_FAST_COMPARE
final_main,adult,"Темп ловли, мух/мин",SNN (frog_lib_snn) vs BioFrog dual fast compare (Frog_predator_neuro_dual_fast_compare),-4.1760,-0.8776,3.99e-14,1.20e-13,True,BIO_DUAL_FAST_COMPARE
final_main,adult,"Время до первой поимки, с",ANN homeostatic V3.1 (frog_lib_ann_soft_sated_v3_1) vs SNN (frog_lib_snn),4.7276,0.8852,1.90e-14,5.71e-14,True,SNN
final_main,adult,"Время до первой поимки, с",ANN homeostatic V3.1 (frog_lib_ann_soft_sated_v3_1) vs BioFrog dual fast compare (Frog_predator_neuro_dual_fast_compare),4.4108,0.7048,1.26e-09,2.53e-09,True,BIO_DUAL_FAST_COMPARE
final_main,adult,"Время до первой поимки, с",SNN (frog_lib_snn) vs BioFrog dual fast compare (Frog_predator_neuro_dual_fast_compare),-0.3168,0.1716,0.1380,0.1380,False,SNN
final_main,adult,"Энергоэффективность, мух/энергию",ANN homeostatic V3.1 (frog_lib_ann_soft_sated_v3_1) vs SNN (frog_lib_snn),0.0498,0.8780,3.91e-14,1.17e-13,True,ANN_SOFT_SATED_V3_1
final_main,adult,"Энергоэффективность, мух/энергию",ANN homeostatic V3.1 (frog_lib_ann_soft_sated_v3_1) vs BioFrog dual fast compare (Frog_predator_neuro_dual_fast_compare),-0.0011,-0.1576,0.1755,0.1755,False,BIO_DUAL_FAST_COMPARE
final_main,adult,"Энергоэффективность, мух/энергию",SNN (frog_lib_snn) vs BioFrog dual fast compare (Frog_predator_neuro_dual_fast_compare),-0.0508,-0.8612,1.18e-13,2.36e-13,True,BIO_DUAL_FAST_COMPARE
final_main,adult,Игнорирование видимой добычи,ANN homeostatic V3.1 (frog_lib_ann_soft_sated_v3_1) vs SNN (frog_lib_snn),0.0048,0.3328,0.0042,0.0042,True,SNN
final_main,adult,Игнорирование видимой добычи,ANN homeostatic V3.1 (frog_lib_ann_soft_sated_v3_1) vs BioFrog dual fast compare (Frog_predator_neuro_dual_fast_compare),-0.1588,-0.7040,1.34e-09,2.67e-09,True,ANN_SOFT_SATED_V3_1
final_main,adult,Игнорирование видимой добычи,SNN (frog_lib_snn) vs BioFrog dual fast compare (Frog_predator_neuro_dual_fast_compare),-0.1636,-0.7296,3.31e-10,9.92e-10,True,SNN
final_main,adult,Learning AUC,ANN homeostatic V3.1 (frog_lib_ann_soft_sated_v3_1) vs SNN (frog_lib_snn),0.1602,0.0800,0.4928,0.4928,False,ANN_SOFT_SATED_V3_1
final_main,adult,Learning AUC,ANN homeostatic V3.1 (frog_lib_ann_soft_sated_v3_1) vs BioFrog dual fast compare (Frog_predator_neuro_dual_fast_compare),-6.0309,-0.8672,8.05e-14,1.61e-13,True,BIO_DUAL_FAST_COMPARE
final_main,adult,Learning AUC,SNN (frog_lib_snn) vs BioFrog dual fast compare (Frog_predator_neuro_dual_fast_compare),-6.1911,-0.8856,2.38e-14,7.15e-14,True,BIO_DUAL_FAST_COMPARE
final_main,adult,Успешность поимки,ANN homeostatic V3.1 (frog_lib_ann_soft_sated_v3_1) vs SNN (frog_lib_snn),0.0000,0.0000,1.0000,1.0000,False,SNN
final_main,adult,Успешность поимки,ANN homeostatic V3.1 (frog_lib_ann_soft_sated_v3_1) vs BioFrog dual fast compare (Frog_predator_neuro_dual_fast_compare),0.0820,0.9600,4.67e-19,1.40e-18,True,ANN_SOFT_SATED_V3_1
final_main,adult,Успешность поимки,SNN (frog_lib_snn) vs BioFrog dual fast compare (Frog_predator_neuro_dual_fast_compare),0.0820,0.9600,4.67e-19,1.40e-18,True,SNN
final_main,adult,"Вычислительная цена, с/поимку",ANN homeostatic V3.1 (frog_lib_ann_soft_sated_v3_1) vs SNN (frog_lib_snn),-1.7582,-0.9472,3.38e-16,6.77e-16,True,ANN_SOFT_SATED_V3_1
final_main,adult,"Вычислительная цена, с/поимку",ANN homeostatic V3.1 (frog_lib_ann_soft_sated_v3_1) vs BioFrog dual fast compare (Frog_predator_neuro_dual_fast_compare),-2.2678,-0.9760,4.21e-17,1.26e-16,True,ANN_SOFT_SATED_V3_1
final_main,adult,"Вычислительная цена, с/поимку",SNN (frog_lib_snn) vs BioFrog dual fast compare (Frog_predator_neuro_dual_fast_compare),-0.5096,-0.1512,0.1938,0.1938,False,SNN
final_main,developmental,"Темп ловли, мух/мин",ANN homeostatic V3.1 (frog_lib_ann_soft_sated_v3_1) vs SNN (frog_lib_snn),1.8864,0.9904,1.40e-17,3.46e-17,True,ANN_SOFT_SATED_V3_1
final_main,developmental,"Темп ловли, мух/мин",ANN homeostatic V3.1 (frog_lib_ann_soft_sated_v3_1) vs BioFrog dual fast compare (Frog_predator_neuro_dual_fast_compare),-2.5380,-0.7580,6.54e-11,6.54e-11,True,BIO_DUAL_FAST_COMPARE
final_main,developmental,"Темп ловли, мух/мин",SNN (frog_lib_snn) vs BioFrog dual fast compare (Frog_predator_neuro_dual_fast_compare),-4.4244,-0.9932,1.15e-17,3.46e-17,True,BIO_DUAL_FAST_COMPARE
final_main,developmental,"Время до первой поимки, с",ANN homeostatic V3.1 (frog_lib_ann_soft_sated_v3_1) vs SNN (frog_lib_snn),5.1518,0.9664,8.25e-17,2.48e-16,True,SNN
final_main,developmental,"Время до первой поимки, с",ANN homeostatic V3.1 (frog_lib_ann_soft_sated_v3_1) vs BioFrog dual fast compare (Frog_predator_neuro_dual_fast_compare),4.8094,0.8100,2.96e-12,5.92e-12,True,BIO_DUAL_FAST_COMPARE
final_main,developmental,"Время до первой поимки, с",SNN (frog_lib_snn) vs BioFrog dual fast compare (Frog_predator_neuro_dual_fast_compare),-0.3424,0.3788,0.0011,0.0011,True,SNN
final_main,developmental,"Энергоэффективность, мух/энергию",ANN homeostatic V3.1 (frog_lib_ann_soft_sated_v3_1) vs SNN (frog_lib_snn),0.0652,0.9744,4.66e-17,1.40e-16,True,ANN_SOFT_SATED_V3_1
final_main,developmental,"Энергоэффективность, мух/энергию",ANN homeostatic V3.1 (frog_lib_ann_soft_sated_v3_1) vs BioFrog dual fast compare (Frog_predator_neuro_dual_fast_compare),0.0040,0.1312,0.2597,0.2597,False,ANN_SOFT_SATED_V3_1
final_main,developmental,"Энергоэффективность, мух/энергию",SNN (frog_lib_snn) vs BioFrog dual fast compare (Frog_predator_neuro_dual_fast_compare),-0.0612,-0.9656,8.85e-17,1.77e-16,True,BIO_DUAL_FAST_COMPARE
final_main,developmental,Игнорирование видимой добычи,ANN homeostatic V3.1 (frog_lib_ann_soft_sated_v3_1) vs SNN (frog_lib_snn),-0.0018,0.3584,0.0020,0.0020,True,ANN_SOFT_SATED_V3_1
final_main,developmental,Игнорирование видимой добычи,ANN homeostatic V3.1 (frog_lib_ann_soft_sated_v3_1) vs BioFrog dual fast compare (Frog_predator_neuro_dual_fast_compare),-0.1683,-0.7216,5.14e-10,1.54e-09,True,ANN_SOFT_SATED_V3_1
final_main,developmental,Игнорирование видимой добычи,SNN (frog_lib_snn) vs BioFrog dual fast compare (Frog_predator_neuro_dual_fast_compare),-0.1665,-0.7200,5.61e-10,1.54e-09,True,SNN
final_main,developmental,Learning AUC,ANN homeostatic V3.1 (frog_lib_ann_soft_sated_v3_1) vs SNN (frog_lib_snn),0.7825,0.5048,1.38e-05,1.38e-05,True,ANN_SOFT_SATED_V3_1
final_main,developmental,Learning AUC,ANN homeostatic V3.1 (frog_lib_ann_soft_sated_v3_1) vs BioFrog dual fast compare (Frog_predator_neuro_dual_fast_compare),-6.3285,-0.9744,4.73e-17,9.46e-17,True,BIO_DUAL_FAST_COMPARE
final_main,developmental,Learning AUC,SNN (frog_lib_snn) vs BioFrog dual fast compare (Frog_predator_neuro_dual_fast_compare),-7.1110,-0.9816,2.78e-17,8.35e-17,True,BIO_DUAL_FAST_COMPARE
final_main,developmental,Успешность поимки,ANN homeostatic V3.1 (frog_lib_ann_soft_sated_v3_1) vs SNN (frog_lib_snn),-0.0022,-0.0800,0.0433,0.0433,True,SNN
final_main,developmental,Успешность поимки,ANN homeostatic V3.1 (frog_lib_ann_soft_sated_v3_1) vs BioFrog dual fast compare (Frog_predator_neuro_dual_fast_compare),0.0820,0.9964,1.66e-19,3.32e-19,True,ANN_SOFT_SATED_V3_1
final_main,developmental,Успешность поимки,SNN (frog_lib_snn) vs BioFrog dual fast compare (Frog_predator_neuro_dual_fast_compare),0.0843,1.0000,3.31e-20,9.92e-20,True,SNN
final_main,developmental,"Вычислительная цена, с/поимку",ANN homeostatic V3.1 (frog_lib_ann_soft_sated_v3_1) vs SNN (frog_lib_snn),-2.4671,-1.0000,7.07e-18,2.12e-17,True,ANN_SOFT_SATED_V3_1
final_main,developmental,"Вычислительная цена, с/поимку",ANN homeostatic V3.1 (frog_lib_ann_soft_sated_v3_1) vs BioFrog dual fast compare (Frog_predator_neuro_dual_fast_compare),-1.7294,-1.0000,7.07e-18,2.12e-17,True,ANN_SOFT_SATED_V3_1
final_main,developmental,"Вычислительная цена, с/поимку",SNN (frog_lib_snn) vs BioFrog dual fast compare (Frog_predator_neuro_dual_fast_compare),0.7377,0.1272,0.2745,0.2745,False,BIO_DUAL_FAST_COMPARE
bio_family,adult,"Темп ловли, мух/мин",BioFrog compare (Frog_predator_neuro_compare) vs BioFrog dual compare (Frog_predator_neuro_dual_compare),-3.1428,-0.8092,3.15e-12,1.58e-11,True,BIO_DUAL_COMPARE
bio_family,adult,"Темп ловли, мух/мин",BioFrog compare (Frog_predator_neuro_compare) vs BioFrog fast compare (Frog_predator_neuro_fast_compare),0.2436,0.1328,0.2537,0.5074,False,BIO_COMPARE
bio_family,adult,"Темп ловли, мух/мин",BioFrog compare (Frog_predator_neuro_compare) vs BioFrog dual fast compare (Frog_predator_neuro_dual_fast_compare),-2.7744,-0.6812,4.42e-09,1.33e-08,True,BIO_DUAL_FAST_COMPARE
bio_family,adult,"Темп ловли, мух/мин",BioFrog dual compare (Frog_predator_neuro_dual_compare) vs BioFrog fast compare (Frog_predator_neuro_fast_compare),3.3864,0.8504,2.37e-13,1.42e-12,True,BIO_DUAL_COMPARE
bio_family,adult,"Темп ловли, мух/мин",BioFrog dual compare (Frog_predator_neuro_dual_compare) vs BioFrog dual fast compare (Frog_predator_neuro_dual_fast_compare),0.3684,0.0800,0.4927,0.5074,False,BIO_DUAL_COMPARE
bio_family,adult,"Темп ловли, мух/мин",BioFrog fast compare (Frog_predator_neuro_fast_compare) vs BioFrog dual fast compare (Frog_predator_neuro_dual_fast_compare),-3.0180,-0.7212,5.21e-10,2.09e-09,True,BIO_DUAL_FAST_COMPARE
bio_family,adult,"Время до первой поимки, с",BioFrog compare (Frog_predator_neuro_compare) vs BioFrog dual compare (Frog_predator_neuro_dual_compare),0.5210,-0.3868,0.0008,0.0034,True,BIO_DUAL_COMPARE
bio_family,adult,"Время до первой поимки, с",BioFrog compare (Frog_predator_neuro_compare) vs BioFrog fast compare (Frog_predator_neuro_fast_compare),-0.3152,0.0720,0.5321,1.0000,False,BIO_COMPARE
bio_family,adult,"Время до первой поимки, с",BioFrog compare (Frog_predator_neuro_compare) vs BioFrog dual fast compare (Frog_predator_neuro_dual_fast_compare),0.6848,-0.3712,0.0014,0.0041,True,BIO_DUAL_FAST_COMPARE
bio_family,adult,"Время до первой поимки, с",BioFrog dual compare (Frog_predator_neuro_dual_compare) vs BioFrog fast compare (Frog_predator_neuro_fast_compare),-0.8362,0.4404,0.0001,0.0008,True,BIO_DUAL_COMPARE
bio_family,adult,"Время до первой поимки, с",BioFrog dual compare (Frog_predator_neuro_dual_compare) vs BioFrog dual fast compare (Frog_predator_neuro_dual_fast_compare),0.1638,-0.0056,0.9641,1.0000,False,BIO_DUAL_FAST_COMPARE
bio_family,adult,"Время до первой поимки, с",BioFrog fast compare (Frog_predator_neuro_fast_compare) vs BioFrog dual fast compare (Frog_predator_neuro_dual_fast_compare),1.0000,-0.4268,0.0002,0.0011,True,BIO_DUAL_FAST_COMPARE
bio_family,adult,"Энергоэффективность, мух/энергию",BioFrog compare (Frog_predator_neuro_compare) vs BioFrog dual compare (Frog_predator_neuro_dual_compare),-0.0100,-0.2848,0.0143,0.0616,False,BIO_DUAL_COMPARE
bio_family,adult,"Энергоэффективность, мух/энергию",BioFrog compare (Frog_predator_neuro_compare) vs BioFrog fast compare (Frog_predator_neuro_fast_compare),0.0044,0.1132,0.3310,0.6620,False,BIO_COMPARE
bio_family,adult,"Энергоэффективность, мух/энергию",BioFrog compare (Frog_predator_neuro_compare) vs BioFrog dual fast compare (Frog_predator_neuro_dual_fast_compare),-0.0042,-0.1856,0.1105,0.3315,False,BIO_DUAL_FAST_COMPARE
bio_family,adult,"Энергоэффективность, мух/энергию",BioFrog dual compare (Frog_predator_neuro_dual_compare) vs BioFrog fast compare (Frog_predator_neuro_fast_compare),0.0143,0.4136,0.0004,0.0022,True,BIO_DUAL_COMPARE
bio_family,adult,"Энергоэффективность, мух/энергию",BioFrog dual compare (Frog_predator_neuro_dual_compare) vs BioFrog dual fast compare (Frog_predator_neuro_dual_fast_compare),0.0057,0.0776,0.5059,0.6620,False,BIO_DUAL_COMPARE
bio_family,adult,"Энергоэффективность, мух/энергию",BioFrog fast compare (Frog_predator_neuro_fast_compare) vs BioFrog dual fast compare (Frog_predator_neuro_dual_fast_compare),-0.0086,-0.2908,0.0123,0.0616,False,BIO_DUAL_FAST_COMPARE
bio_family,adult,Игнорирование видимой добычи,BioFrog compare (Frog_predator_neuro_compare) vs BioFrog dual compare (Frog_predator_neuro_dual_compare),0.5768,1.0000,7.07e-18,4.24e-17,True,BIO_DUAL_COMPARE
bio_family,adult,Игнорирование видимой добычи,BioFrog compare (Frog_predator_neuro_compare) vs BioFrog fast compare (Frog_predator_neuro_fast_compare),-0.0001,-0.0128,0.9149,1.0000,False,BIO_COMPARE
bio_family,adult,Игнорирование видимой добычи,BioFrog compare (Frog_predator_neuro_compare) vs BioFrog dual fast compare (Frog_predator_neuro_dual_fast_compare),0.5755,1.0000,7.07e-18,4.24e-17,True,BIO_DUAL_FAST_COMPARE
bio_family,adult,Игнорирование видимой добычи,BioFrog dual compare (Frog_predator_neuro_dual_compare) vs BioFrog fast compare (Frog_predator_neuro_fast_compare),-0.5769,-1.0000,7.07e-18,4.24e-17,True,BIO_DUAL_COMPARE
bio_family,adult,Игнорирование видимой добычи,BioFrog dual compare (Frog_predator_neuro_dual_compare) vs BioFrog dual fast compare (Frog_predator_neuro_dual_fast_compare),-0.0013,-0.0004,1.0000,1.0000,False,BIO_DUAL_COMPARE
bio_family,adult,Игнорирование видимой добычи,BioFrog fast compare (Frog_predator_neuro_fast_compare) vs BioFrog dual fast compare (Frog_predator_neuro_dual_fast_compare),0.5756,1.0000,7.07e-18,4.24e-17,True,BIO_DUAL_FAST_COMPARE
bio_family,adult,Learning AUC,BioFrog compare (Frog_predator_neuro_compare) vs BioFrog dual compare (Frog_predator_neuro_dual_compare),-4.9388,-0.8584,1.43e-13,7.14e-13,True,BIO_DUAL_COMPARE
bio_family,adult,Learning AUC,BioFrog compare (Frog_predator_neuro_compare) vs BioFrog fast compare (Frog_predator_neuro_fast_compare),0.2756,0.1192,0.3060,0.6119,False,BIO_COMPARE
bio_family,adult,Learning AUC,BioFrog compare (Frog_predator_neuro_compare) vs BioFrog dual fast compare (Frog_predator_neuro_dual_fast_compare),-4.7353,-0.7416,1.69e-10,5.07e-10,True,BIO_DUAL_FAST_COMPARE
bio_family,adult,Learning AUC,BioFrog dual compare (Frog_predator_neuro_dual_compare) vs BioFrog fast compare (Frog_predator_neuro_fast_compare),5.2144,0.8912,1.64e-14,9.83e-14,True,BIO_DUAL_COMPARE
bio_family,adult,Learning AUC,BioFrog dual compare (Frog_predator_neuro_dual_compare) vs BioFrog dual fast compare (Frog_predator_neuro_dual_fast_compare),0.2034,0.0264,0.8227,0.8227,False,BIO_DUAL_COMPARE
bio_family,adult,Learning AUC,BioFrog fast compare (Frog_predator_neuro_fast_compare) vs BioFrog dual fast compare (Frog_predator_neuro_dual_fast_compare),-5.0110,-0.7832,1.52e-11,6.10e-11,True,BIO_DUAL_FAST_COMPARE
bio_family,adult,Успешность поимки,BioFrog compare (Frog_predator_neuro_compare) vs BioFrog dual compare (Frog_predator_neuro_dual_compare),-0.0005,0.0244,0.8361,1.0000,False,BIO_DUAL_COMPARE
bio_family,adult,Успешность поимки,BioFrog compare (Frog_predator_neuro_compare) vs BioFrog fast compare (Frog_predator_neuro_fast_compare),0.0087,0.1236,0.2882,1.0000,False,BIO_COMPARE
bio_family,adult,Успешность поимки,BioFrog compare (Frog_predator_neuro_compare) vs BioFrog dual fast compare (Frog_predator_neuro_dual_fast_compare),0.0018,0.0636,0.5860,1.0000,False,BIO_COMPARE
bio_family,adult,Успешность поимки,BioFrog dual compare (Frog_predator_neuro_dual_compare) vs BioFrog fast compare (Frog_predator_neuro_fast_compare),0.0092,0.1392,0.2316,1.0000,False,BIO_DUAL_COMPARE
bio_family,adult,Успешность поимки,BioFrog dual compare (Frog_predator_neuro_dual_compare) vs BioFrog dual fast compare (Frog_predator_neuro_dual_fast_compare),0.0023,0.0540,0.6441,1.0000,False,BIO_DUAL_COMPARE
bio_family,adult,Успешность поимки,BioFrog fast compare (Frog_predator_neuro_fast_compare) vs BioFrog dual fast compare (Frog_predator_neuro_dual_fast_compare),-0.0069,-0.1004,0.3888,1.0000,False,BIO_DUAL_FAST_COMPARE
bio_family,adult,"Вычислительная цена, с/поимку",BioFrog compare (Frog_predator_neuro_compare) vs BioFrog dual compare (Frog_predator_neuro_dual_compare),24.8953,0.8656,8.94e-14,1.79e-13,True,BIO_DUAL_COMPARE
bio_family,adult,"Вычислительная цена, с/поимку",BioFrog compare (Frog_predator_neuro_compare) vs BioFrog fast compare (Frog_predator_neuro_fast_compare),38.4849,1.0000,7.07e-18,4.24e-17,True,BIO_FAST_COMPARE
bio_family,adult,"Вычислительная цена, с/поимку",BioFrog compare (Frog_predator_neuro_compare) vs BioFrog dual fast compare (Frog_predator_neuro_dual_fast_compare),41.5740,1.0000,7.07e-18,4.24e-17,True,BIO_DUAL_FAST_COMPARE
bio_family,adult,"Вычислительная цена, с/поимку",BioFrog dual compare (Frog_predator_neuro_dual_compare) vs BioFrog fast compare (Frog_predator_neuro_fast_compare),13.5896,0.9728,5.32e-17,1.60e-16,True,BIO_FAST_COMPARE
bio_family,adult,"Вычислительная цена, с/поимку",BioFrog dual compare (Frog_predator_neuro_dual_compare) vs BioFrog dual fast compare (Frog_predator_neuro_dual_fast_compare),16.6787,0.9888,1.63e-17,6.53e-17,True,BIO_DUAL_FAST_COMPARE
bio_family,adult,"Вычислительная цена, с/поимку",BioFrog fast compare (Frog_predator_neuro_fast_compare) vs BioFrog dual fast compare (Frog_predator_neuro_dual_fast_compare),3.0890,0.8256,1.15e-12,1.15e-12,True,BIO_DUAL_FAST_COMPARE
bio_family,developmental,"Темп ловли, мух/мин",BioFrog compare (Frog_predator_neuro_compare) vs BioFrog dual compare (Frog_predator_neuro_dual_compare),-2.6004,-0.6680,8.73e-09,3.28e-08,True,BIO_DUAL_COMPARE
bio_family,developmental,"Темп ловли, мух/мин",BioFrog compare (Frog_predator_neuro_compare) vs BioFrog fast compare (Frog_predator_neuro_fast_compare),-0.0048,0.0052,0.9670,0.9670,False,BIO_FAST_COMPARE
bio_family,developmental,"Темп ловли, мух/мин",BioFrog compare (Frog_predator_neuro_compare) vs BioFrog dual fast compare (Frog_predator_neuro_dual_fast_compare),-2.9832,-0.8316,7.85e-13,3.93e-12,True,BIO_DUAL_FAST_COMPARE
bio_family,developmental,"Темп ловли, мух/мин",BioFrog dual compare (Frog_predator_neuro_dual_compare) vs BioFrog fast compare (Frog_predator_neuro_fast_compare),2.5956,0.6692,8.21e-09,3.28e-08,True,BIO_DUAL_COMPARE
bio_family,developmental,"Темп ловли, мух/мин",BioFrog dual compare (Frog_predator_neuro_dual_compare) vs BioFrog dual fast compare (Frog_predator_neuro_dual_fast_compare),-0.3828,-0.0960,0.4100,0.8200,False,BIO_DUAL_FAST_COMPARE
bio_family,developmental,"Темп ловли, мух/мин",BioFrog fast compare (Frog_predator_neuro_fast_compare) vs BioFrog dual fast compare (Frog_predator_neuro_dual_fast_compare),-2.9784,-0.8392,4.85e-13,2.91e-12,True,BIO_DUAL_FAST_COMPARE
bio_family,developmental,"Время до первой поимки, с",BioFrog compare (Frog_predator_neuro_compare) vs BioFrog dual compare (Frog_predator_neuro_dual_compare),0.1824,-0.1144,0.3246,1.0000,False,BIO_DUAL_COMPARE
bio_family,developmental,"Время до первой поимки, с",BioFrog compare (Frog_predator_neuro_compare) vs BioFrog fast compare (Frog_predator_neuro_fast_compare),-1.0480,0.0880,0.4466,1.0000,False,BIO_COMPARE
bio_family,developmental,"Время до первой поимки, с",BioFrog compare (Frog_predator_neuro_compare) vs BioFrog dual fast compare (Frog_predator_neuro_dual_fast_compare),0.2564,-0.1060,0.3611,1.0000,False,BIO_DUAL_FAST_COMPARE
bio_family,developmental,"Время до первой поимки, с",BioFrog dual compare (Frog_predator_neuro_dual_compare) vs BioFrog fast compare (Frog_predator_neuro_fast_compare),-1.2304,0.2048,0.0772,0.4632,False,BIO_DUAL_COMPARE
bio_family,developmental,"Время до первой поимки, с",BioFrog dual compare (Frog_predator_neuro_dual_compare) vs BioFrog dual fast compare (Frog_predator_neuro_dual_fast_compare),0.0740,0.0000,1.0000,1.0000,False,BIO_DUAL_FAST_COMPARE
bio_family,developmental,"Время до первой поимки, с",BioFrog fast compare (Frog_predator_neuro_fast_compare) vs BioFrog dual fast compare (Frog_predator_neuro_dual_fast_compare),1.3044,-0.1960,0.0904,0.4632,False,BIO_DUAL_FAST_COMPARE
bio_family,developmental,"Энергоэффективность, мух/энергию",BioFrog compare (Frog_predator_neuro_compare) vs BioFrog dual compare (Frog_predator_neuro_dual_compare),-0.0062,-0.2640,0.0231,0.0925,False,BIO_DUAL_COMPARE
bio_family,developmental,"Энергоэффективность, мух/энергию",BioFrog compare (Frog_predator_neuro_compare) vs BioFrog fast compare (Frog_predator_neuro_fast_compare),-0.0026,-0.0784,0.5015,1.0000,False,BIO_FAST_COMPARE
bio_family,developmental,"Энергоэффективность, мух/энергию",BioFrog compare (Frog_predator_neuro_compare) vs BioFrog dual fast compare (Frog_predator_neuro_dual_fast_compare),-0.0101,-0.3624,0.0018,0.0109,True,BIO_DUAL_FAST_COMPARE
bio_family,developmental,"Энергоэффективность, мух/энергию",BioFrog dual compare (Frog_predator_neuro_dual_compare) vs BioFrog fast compare (Frog_predator_neuro_fast_compare),0.0036,0.2160,0.0632,0.1895,False,BIO_DUAL_COMPARE
bio_family,developmental,"Энергоэффективность, мух/энергию",BioFrog dual compare (Frog_predator_neuro_dual_compare) vs BioFrog dual fast compare (Frog_predator_neuro_dual_fast_compare),-0.0039,-0.0640,0.5836,1.0000,False,BIO_DUAL_FAST_COMPARE
bio_family,developmental,"Энергоэффективность, мух/энергию",BioFrog fast compare (Frog_predator_neuro_fast_compare) vs BioFrog dual fast compare (Frog_predator_neuro_dual_fast_compare),-0.0075,-0.3056,0.0085,0.0427,True,BIO_DUAL_FAST_COMPARE
bio_family,developmental,Игнорирование видимой добычи,BioFrog compare (Frog_predator_neuro_compare) vs BioFrog dual compare (Frog_predator_neuro_dual_compare),0.5534,1.0000,7.06e-18,4.24e-17,True,BIO_DUAL_COMPARE
bio_family,developmental,Игнорирование видимой добычи,BioFrog compare (Frog_predator_neuro_compare) vs BioFrog fast compare (Frog_predator_neuro_fast_compare),-0.0048,-0.0184,0.8767,1.0000,False,BIO_COMPARE
bio_family,developmental,Игнорирование видимой добычи,BioFrog compare (Frog_predator_neuro_compare) vs BioFrog dual fast compare (Frog_predator_neuro_dual_fast_compare),0.5538,1.0000,7.07e-18,4.24e-17,True,BIO_DUAL_FAST_COMPARE
bio_family,developmental,Игнорирование видимой добычи,BioFrog dual compare (Frog_predator_neuro_dual_compare) vs BioFrog fast compare (Frog_predator_neuro_fast_compare),-0.5582,-1.0000,7.06e-18,4.24e-17,True,BIO_DUAL_COMPARE
bio_family,developmental,Игнорирование видимой добычи,BioFrog dual compare (Frog_predator_neuro_dual_compare) vs BioFrog dual fast compare (Frog_predator_neuro_dual_fast_compare),0.0004,-0.0280,0.8120,1.0000,False,BIO_DUAL_FAST_COMPARE
bio_family,developmental,Игнорирование видимой добычи,BioFrog fast compare (Frog_predator_neuro_fast_compare) vs BioFrog dual fast compare (Frog_predator_neuro_dual_fast_compare),0.5586,1.0000,7.07e-18,4.24e-17,True,BIO_DUAL_FAST_COMPARE
bio_family,developmental,Learning AUC,BioFrog compare (Frog_predator_neuro_compare) vs BioFrog dual compare (Frog_predator_neuro_dual_compare),-4.1390,-0.8032,4.58e-12,1.51e-11,True,BIO_DUAL_COMPARE
bio_family,developmental,Learning AUC,BioFrog compare (Frog_predator_neuro_compare) vs BioFrog fast compare (Frog_predator_neuro_fast_compare),0.1110,0.0736,0.5282,0.5282,False,BIO_COMPARE
bio_family,developmental,Learning AUC,BioFrog compare (Frog_predator_neuro_compare) vs BioFrog dual fast compare (Frog_predator_neuro_dual_fast_compare),-5.3133,-0.9120,3.98e-15,2.39e-14,True,BIO_DUAL_FAST_COMPARE
bio_family,developmental,Learning AUC,BioFrog dual compare (Frog_predator_neuro_dual_compare) vs BioFrog fast compare (Frog_predator_neuro_fast_compare),4.2500,0.8064,3.77e-12,1.51e-11,True,BIO_DUAL_COMPARE
bio_family,developmental,Learning AUC,BioFrog dual compare (Frog_predator_neuro_dual_compare) vs BioFrog dual fast compare (Frog_predator_neuro_dual_fast_compare),-1.1743,-0.1848,0.1121,0.2241,False,BIO_DUAL_FAST_COMPARE
bio_family,developmental,Learning AUC,BioFrog fast compare (Frog_predator_neuro_fast_compare) vs BioFrog dual fast compare (Frog_predator_neuro_dual_fast_compare),-5.4243,-0.9008,8.56e-15,4.28e-14,True,BIO_DUAL_FAST_COMPARE
bio_family,developmental,Успешность поимки,BioFrog compare (Frog_predator_neuro_compare) vs BioFrog dual compare (Frog_predator_neuro_dual_compare),-0.0115,-0.1284,0.2700,0.8184,False,BIO_DUAL_COMPARE
bio_family,developmental,Успешность поимки,BioFrog compare (Frog_predator_neuro_compare) vs BioFrog fast compare (Frog_predator_neuro_fast_compare),-0.0166,-0.1740,0.1346,0.6730,False,BIO_FAST_COMPARE
bio_family,developmental,Успешность поимки,BioFrog compare (Frog_predator_neuro_compare) vs BioFrog dual fast compare (Frog_predator_neuro_dual_fast_compare),-0.0193,-0.2392,0.0396,0.2376,False,BIO_DUAL_FAST_COMPARE
bio_family,developmental,Успешность поимки,BioFrog dual compare (Frog_predator_neuro_dual_compare) vs BioFrog fast compare (Frog_predator_neuro_fast_compare),-0.0051,-0.0440,0.7071,1.0000,False,BIO_FAST_COMPARE
bio_family,developmental,Успешность поимки,BioFrog dual compare (Frog_predator_neuro_dual_compare) vs BioFrog dual fast compare (Frog_predator_neuro_dual_fast_compare),-0.0078,-0.1476,0.2046,0.8184,False,BIO_DUAL_FAST_COMPARE
bio_family,developmental,Успешность поимки,BioFrog fast compare (Frog_predator_neuro_fast_compare) vs BioFrog dual fast compare (Frog_predator_neuro_dual_fast_compare),-0.0027,-0.0712,0.5417,1.0000,False,BIO_DUAL_FAST_COMPARE
bio_family,developmental,"Вычислительная цена, с/поимку",BioFrog compare (Frog_predator_neuro_compare) vs BioFrog dual compare (Frog_predator_neuro_dual_compare),24.5040,0.8568,1.58e-13,1.58e-13,True,BIO_DUAL_COMPARE
bio_family,developmental,"Вычислительная цена, с/поимку",BioFrog compare (Frog_predator_neuro_compare) vs BioFrog fast compare (Frog_predator_neuro_fast_compare),39.3161,1.0000,7.07e-18,4.24e-17,True,BIO_FAST_COMPARE
bio_family,developmental,"Вычислительная цена, с/поимку",BioFrog compare (Frog_predator_neuro_compare) vs BioFrog dual fast compare (Frog_predator_neuro_dual_fast_compare),42.2056,1.0000,7.07e-18,4.24e-17,True,BIO_DUAL_FAST_COMPARE
bio_family,developmental,"Вычислительная цена, с/поимку",BioFrog dual compare (Frog_predator_neuro_dual_compare) vs BioFrog fast compare (Frog_predator_neuro_fast_compare),14.8121,0.9992,7.50e-18,4.24e-17,True,BIO_FAST_COMPARE
bio_family,developmental,"Вычислительная цена, с/поимку",BioFrog dual compare (Frog_predator_neuro_dual_compare) vs BioFrog dual fast compare (Frog_predator_neuro_dual_fast_compare),17.7017,1.0000,7.07e-18,4.24e-17,True,BIO_DUAL_FAST_COMPARE
bio_family,developmental,"Вычислительная цена, с/поимку",BioFrog fast compare (Frog_predator_neuro_fast_compare) vs BioFrog dual fast compare (Frog_predator_neuro_dual_fast_compare),2.8895,0.9472,3.38e-16,6.77e-16,True,BIO_DUAL_FAST_COMPARE
ann_history,adult,"Темп ловли, мух/мин",ANN homeostatic V2 (frog_lib_ann_soft_sated_v2) vs ANN frozen homeostatic V2 (frog_lib_ann_frozen_soft_sated_v2),-5.7948,-0.9352,7.81e-16,1.02e-14,True,ANN_FROZEN_SOFT_SATED_V2
ann_history,adult,"Темп ловли, мух/мин",ANN homeostatic V2 (frog_lib_ann_soft_sated_v2) vs ANN homeostatic V3 (frog_lib_ann_soft_sated_v3),0.2748,0.3280,0.0045,0.0134,True,ANN_SOFT_SATED_V2
ann_history,adult,"Темп ловли, мух/мин",ANN homeostatic V2 (frog_lib_ann_soft_sated_v2) vs ANN frozen homeostatic V3 (frog_lib_ann_frozen_soft_sated_v3),0.3144,0.4232,0.0002,0.0010,True,ANN_SOFT_SATED_V2
ann_history,adult,"Темп ловли, мух/мин",ANN homeostatic V2 (frog_lib_ann_soft_sated_v2) vs ANN homeostatic V3.1 (frog_lib_ann_soft_sated_v3_1),-0.7812,-0.6616,1.19e-08,8.31e-08,True,ANN_SOFT_SATED_V3_1
ann_history,adult,"Темп ловли, мух/мин",ANN homeostatic V2 (frog_lib_ann_soft_sated_v2) vs ANN frozen homeostatic V3.1 (frog_lib_ann_frozen_soft_sated_v3_1),0.0108,0.0048,0.9697,0.9697,False,ANN_SOFT_SATED_V2
ann_history,adult,"Темп ловли, мух/мин",ANN frozen homeostatic V2 (frog_lib_ann_frozen_soft_sated_v2) vs ANN homeostatic V3 (frog_lib_ann_soft_sated_v3),6.0696,0.9556,1.38e-16,1.93e-15,True,ANN_FROZEN_SOFT_SATED_V2
ann_history,adult,"Темп ловли, мух/мин",ANN frozen homeostatic V2 (frog_lib_ann_frozen_soft_sated_v2) vs ANN frozen homeostatic V3 (frog_lib_ann_frozen_soft_sated_v3),6.1092,0.9644,8.13e-17,1.22e-15,True,ANN_FROZEN_SOFT_SATED_V2
ann_history,adult,"Темп ловли, мух/мин",ANN frozen homeostatic V2 (frog_lib_ann_frozen_soft_sated_v2) vs ANN homeostatic V3.1 (frog_lib_ann_soft_sated_v3_1),5.0136,0.8160,2.07e-12,1.86e-11,True,ANN_FROZEN_SOFT_SATED_V2
ann_history,adult,"Темп ловли, мух/мин",ANN frozen homeostatic V2 (frog_lib_ann_frozen_soft_sated_v2) vs ANN frozen homeostatic V3.1 (frog_lib_ann_frozen_soft_sated_v3_1),5.8056,0.9336,8.61e-16,1.03e-14,True,ANN_FROZEN_SOFT_SATED_V2
ann_history,adult,"Темп ловли, мух/мин",ANN homeostatic V3 (frog_lib_ann_soft_sated_v3) vs ANN frozen homeostatic V3 (frog_lib_ann_frozen_soft_sated_v3),0.0396,0.2728,0.0165,0.0329,True,ANN_SOFT_SATED_V3
ann_history,adult,"Темп ловли, мух/мин",ANN homeostatic V3 (frog_lib_ann_soft_sated_v3) vs ANN homeostatic V3.1 (frog_lib_ann_soft_sated_v3_1),-1.0560,-0.8924,1.19e-14,1.24e-13,True,ANN_SOFT_SATED_V3_1
ann_history,adult,"Темп ловли, мух/мин",ANN homeostatic V3 (frog_lib_ann_soft_sated_v3) vs ANN frozen homeostatic V3.1 (frog_lib_ann_frozen_soft_sated_v3_1),-0.2640,-0.4900,2.20e-05,0.0001,True,ANN_FROZEN_SOFT_SATED_V3_1
ann_history,adult,"Темп ловли, мух/мин",ANN frozen homeostatic V3 (frog_lib_ann_frozen_soft_sated_v3) vs ANN homeostatic V3.1 (frog_lib_ann_soft_sated_v3_1),-1.0956,-0.8944,1.13e-14,1.24e-13,True,ANN_SOFT_SATED_V3_1
ann_history,adult,"Темп ловли, мух/мин",ANN frozen homeostatic V3 (frog_lib_ann_frozen_soft_sated_v3) vs ANN frozen homeostatic V3.1 (frog_lib_ann_frozen_soft_sated_v3_1),-0.3036,-0.5476,2.19e-06,1.32e-05,True,ANN_FROZEN_SOFT_SATED_V3_1
ann_history,adult,"Темп ловли, мух/мин",ANN homeostatic V3.1 (frog_lib_ann_soft_sated_v3_1) vs ANN frozen homeostatic V3.1 (frog_lib_ann_frozen_soft_sated_v3_1),0.7920,0.7124,8.16e-10,6.53e-09,True,ANN_SOFT_SATED_V3_1
ann_history,adult,"Время до первой поимки, с",ANN homeostatic V2 (frog_lib_ann_soft_sated_v2) vs ANN frozen homeostatic V2 (frog_lib_ann_frozen_soft_sated_v2),-0.0200,-0.0236,0.8415,1.0000,False,ANN_SOFT_SATED_V2
ann_history,adult,"Время до первой поимки, с",ANN homeostatic V2 (frog_lib_ann_soft_sated_v2) vs ANN homeostatic V3 (frog_lib_ann_soft_sated_v3),-99.2090,-1.0000,7.05e-18,1.06e-16,True,ANN_SOFT_SATED_V2
ann_history,adult,"Время до первой поимки, с",ANN homeostatic V2 (frog_lib_ann_soft_sated_v2) vs ANN frozen homeostatic V3 (frog_lib_ann_frozen_soft_sated_v3),-88.2804,-1.0000,7.05e-18,1.06e-16,True,ANN_SOFT_SATED_V2
ann_history,adult,"Время до первой поимки, с",ANN homeostatic V2 (frog_lib_ann_soft_sated_v2) vs ANN homeostatic V3.1 (frog_lib_ann_soft_sated_v3_1),-3.9646,-0.3428,0.0032,0.0127,True,ANN_SOFT_SATED_V2
ann_history,adult,"Время до первой поимки, с",ANN homeostatic V2 (frog_lib_ann_soft_sated_v2) vs ANN frozen homeostatic V3.1 (frog_lib_ann_frozen_soft_sated_v3_1),-4.0504,-0.3700,0.0014,0.0087,True,ANN_SOFT_SATED_V2
ann_history,adult,"Время до первой поимки, с",ANN frozen homeostatic V2 (frog_lib_ann_frozen_soft_sated_v2) vs ANN homeostatic V3 (frog_lib_ann_soft_sated_v3),-99.1890,-1.0000,7.05e-18,1.06e-16,True,ANN_FROZEN_SOFT_SATED_V2
ann_history,adult,"Время до первой поимки, с",ANN frozen homeostatic V2 (frog_lib_ann_frozen_soft_sated_v2) vs ANN frozen homeostatic V3 (frog_lib_ann_frozen_soft_sated_v3),-88.2604,-1.0000,7.05e-18,1.06e-16,True,ANN_FROZEN_SOFT_SATED_V2
ann_history,adult,"Время до первой поимки, с",ANN frozen homeostatic V2 (frog_lib_ann_frozen_soft_sated_v2) vs ANN homeostatic V3.1 (frog_lib_ann_soft_sated_v3_1),-3.9446,-0.3096,0.0077,0.0231,True,ANN_FROZEN_SOFT_SATED_V2
ann_history,adult,"Время до первой поимки, с",ANN frozen homeostatic V2 (frog_lib_ann_frozen_soft_sated_v2) vs ANN frozen homeostatic V3.1 (frog_lib_ann_frozen_soft_sated_v3_1),-4.0304,-0.3592,0.0020,0.0099,True,ANN_FROZEN_SOFT_SATED_V2
ann_history,adult,"Время до первой поимки, с",ANN homeostatic V3 (frog_lib_ann_soft_sated_v3) vs ANN frozen homeostatic V3 (frog_lib_ann_frozen_soft_sated_v3),10.9286,0.6340,4.76e-08,3.33e-07,True,ANN_FROZEN_SOFT_SATED_V3
ann_history,adult,"Время до первой поимки, с",ANN homeostatic V3 (frog_lib_ann_soft_sated_v3) vs ANN homeostatic V3.1 (frog_lib_ann_soft_sated_v3_1),95.2444,1.0000,7.06e-18,1.06e-16,True,ANN_SOFT_SATED_V3_1
ann_history,adult,"Время до первой поимки, с",ANN homeostatic V3 (frog_lib_ann_soft_sated_v3) vs ANN frozen homeostatic V3.1 (frog_lib_ann_frozen_soft_sated_v3_1),95.1586,1.0000,7.06e-18,1.06e-16,True,ANN_FROZEN_SOFT_SATED_V3_1
ann_history,adult,"Время до первой поимки, с",ANN frozen homeostatic V3 (frog_lib_ann_frozen_soft_sated_v3) vs ANN homeostatic V3.1 (frog_lib_ann_soft_sated_v3_1),84.3158,1.0000,7.06e-18,1.06e-16,True,ANN_SOFT_SATED_V3_1
ann_history,adult,"Время до первой поимки, с",ANN frozen homeostatic V3 (frog_lib_ann_frozen_soft_sated_v3) vs ANN frozen homeostatic V3.1 (frog_lib_ann_frozen_soft_sated_v3_1),84.2300,1.0000,7.06e-18,1.06e-16,True,ANN_FROZEN_SOFT_SATED_V3_1
ann_history,adult,"Время до первой поимки, с",ANN homeostatic V3.1 (frog_lib_ann_soft_sated_v3_1) vs ANN frozen homeostatic V3.1 (frog_lib_ann_frozen_soft_sated_v3_1),-0.0858,-0.0176,0.8822,1.0000,False,ANN_SOFT_SATED_V3_1
ann_history,adult,"Энергоэффективность, мух/энергию",ANN homeostatic V2 (frog_lib_ann_soft_sated_v2) vs ANN frozen homeostatic V2 (frog_lib_ann_frozen_soft_sated_v2),-0.0377,-0.8892,1.86e-14,2.79e-13,True,ANN_FROZEN_SOFT_SATED_V2
ann_history,adult,"Энергоэффективность, мух/энергию",ANN homeostatic V2 (frog_lib_ann_soft_sated_v2) vs ANN homeostatic V3 (frog_lib_ann_soft_sated_v3),-0.0115,-0.3896,0.0008,0.0048,True,ANN_SOFT_SATED_V3
ann_history,adult,"Энергоэффективность, мух/энергию",ANN homeostatic V2 (frog_lib_ann_soft_sated_v2) vs ANN frozen homeostatic V3 (frog_lib_ann_frozen_soft_sated_v3),-0.0165,-0.4540,9.26e-05,0.0006,True,ANN_FROZEN_SOFT_SATED_V3
ann_history,adult,"Энергоэффективность, мух/энергию",ANN homeostatic V2 (frog_lib_ann_soft_sated_v2) vs ANN homeostatic V3.1 (frog_lib_ann_soft_sated_v3_1),-0.0308,-0.7644,4.57e-11,5.48e-10,True,ANN_SOFT_SATED_V3_1
ann_history,adult,"Энергоэффективность, мух/энергию",ANN homeostatic V2 (frog_lib_ann_soft_sated_v2) vs ANN frozen homeostatic V3.1 (frog_lib_ann_frozen_soft_sated_v3_1),-0.0091,-0.2516,0.0304,0.0911,False,ANN_FROZEN_SOFT_SATED_V3_1
ann_history,adult,"Энергоэффективность, мух/энергию",ANN frozen homeostatic V2 (frog_lib_ann_frozen_soft_sated_v2) vs ANN homeostatic V3 (frog_lib_ann_soft_sated_v3),0.0262,0.8016,5.05e-12,6.56e-11,True,ANN_FROZEN_SOFT_SATED_V2
ann_history,adult,"Энергоэффективность, мух/энергию",ANN frozen homeostatic V2 (frog_lib_ann_frozen_soft_sated_v2) vs ANN frozen homeostatic V3 (frog_lib_ann_frozen_soft_sated_v3),0.0213,0.6656,9.91e-09,1.09e-07,True,ANN_FROZEN_SOFT_SATED_V2
ann_history,adult,"Энергоэффективность, мух/энергию",ANN frozen homeostatic V2 (frog_lib_ann_frozen_soft_sated_v2) vs ANN homeostatic V3.1 (frog_lib_ann_soft_sated_v3_1),0.0069,0.2964,0.0107,0.0537,False,ANN_FROZEN_SOFT_SATED_V2
ann_history,adult,"Энергоэффективность, мух/энергию",ANN frozen homeostatic V2 (frog_lib_ann_frozen_soft_sated_v2) vs ANN frozen homeostatic V3.1 (frog_lib_ann_frozen_soft_sated_v3_1),0.0286,0.8088,3.25e-12,4.55e-11,True,ANN_FROZEN_SOFT_SATED_V2
ann_history,adult,"Энергоэффективность, мух/энергию",ANN homeostatic V3 (frog_lib_ann_soft_sated_v3) vs ANN frozen homeostatic V3 (frog_lib_ann_frozen_soft_sated_v3),-0.0050,-0.2196,0.0589,0.1178,False,ANN_FROZEN_SOFT_SATED_V3
ann_history,adult,"Энергоэффективность, мух/энергию",ANN homeostatic V3 (frog_lib_ann_soft_sated_v3) vs ANN homeostatic V3.1 (frog_lib_ann_soft_sated_v3_1),-0.0193,-0.6056,1.84e-07,1.65e-06,True,ANN_SOFT_SATED_V3_1
ann_history,adult,"Энергоэффективность, мух/энергию",ANN homeostatic V3 (frog_lib_ann_soft_sated_v3) vs ANN frozen homeostatic V3.1 (frog_lib_ann_frozen_soft_sated_v3_1),0.0024,0.1476,0.2046,0.2046,False,ANN_SOFT_SATED_V3
ann_history,adult,"Энергоэффективность, мух/энергию",ANN frozen homeostatic V3 (frog_lib_ann_frozen_soft_sated_v3) vs ANN homeostatic V3.1 (frog_lib_ann_soft_sated_v3_1),-0.0143,-0.4584,7.92e-05,0.0006,True,ANN_SOFT_SATED_V3_1
ann_history,adult,"Энергоэффективность, мух/энергию",ANN frozen homeostatic V3 (frog_lib_ann_frozen_soft_sated_v3) vs ANN frozen homeostatic V3.1 (frog_lib_ann_frozen_soft_sated_v3_1),0.0074,0.2844,0.0144,0.0575,False,ANN_FROZEN_SOFT_SATED_V3
ann_history,adult,"Энергоэффективность, мух/энергию",ANN homeostatic V3.1 (frog_lib_ann_soft_sated_v3_1) vs ANN frozen homeostatic V3.1 (frog_lib_ann_frozen_soft_sated_v3_1),0.0217,0.6504,2.13e-08,2.13e-07,True,ANN_SOFT_SATED_V3_1
ann_history,adult,Игнорирование видимой добычи,ANN homeostatic V2 (frog_lib_ann_soft_sated_v2) vs ANN frozen homeostatic V2 (frog_lib_ann_frozen_soft_sated_v2),0.0050,0.9800,1.26e-19,1.39e-18,True,ANN_FROZEN_SOFT_SATED_V2
ann_history,adult,Игнорирование видимой добычи,ANN homeostatic V2 (frog_lib_ann_soft_sated_v2) vs ANN homeostatic V3 (frog_lib_ann_soft_sated_v3),-0.0156,-0.8368,5.70e-13,1.71e-12,True,ANN_SOFT_SATED_V2
ann_history,adult,Игнорирование видимой добычи,ANN homeostatic V2 (frog_lib_ann_soft_sated_v2) vs ANN frozen homeostatic V3 (frog_lib_ann_frozen_soft_sated_v3),-0.1257,-1.0000,7.07e-18,7.07e-17,True,ANN_SOFT_SATED_V2
ann_history,adult,Игнорирование видимой добычи,ANN homeostatic V2 (frog_lib_ann_soft_sated_v2) vs ANN homeostatic V3.1 (frog_lib_ann_soft_sated_v3_1),-0.0099,-0.7040,1.34e-09,2.67e-09,True,ANN_SOFT_SATED_V2
ann_history,adult,Игнорирование видимой добычи,ANN homeostatic V2 (frog_lib_ann_soft_sated_v2) vs ANN frozen homeostatic V3.1 (frog_lib_ann_frozen_soft_sated_v3_1),-0.2388,-1.0000,7.07e-18,7.07e-17,True,ANN_SOFT_SATED_V2
ann_history,adult,Игнорирование видимой добычи,ANN frozen homeostatic V2 (frog_lib_ann_frozen_soft_sated_v2) vs ANN homeostatic V3 (frog_lib_ann_soft_sated_v3),-0.0206,-1.0000,3.31e-20,4.97e-19,True,ANN_FROZEN_SOFT_SATED_V2
ann_history,adult,Игнорирование видимой добычи,ANN frozen homeostatic V2 (frog_lib_ann_frozen_soft_sated_v2) vs ANN frozen homeostatic V3 (frog_lib_ann_frozen_soft_sated_v3),-0.1308,-1.0000,3.31e-20,4.97e-19,True,ANN_FROZEN_SOFT_SATED_V2
ann_history,adult,Игнорирование видимой добычи,ANN frozen homeostatic V2 (frog_lib_ann_frozen_soft_sated_v2) vs ANN homeostatic V3.1 (frog_lib_ann_soft_sated_v3_1),-0.0149,-1.0000,3.31e-20,4.97e-19,True,ANN_FROZEN_SOFT_SATED_V2
ann_history,adult,Игнорирование видимой добычи,ANN frozen homeostatic V2 (frog_lib_ann_frozen_soft_sated_v2) vs ANN frozen homeostatic V3.1 (frog_lib_ann_frozen_soft_sated_v3_1),-0.2439,-1.0000,3.31e-20,4.97e-19,True,ANN_FROZEN_SOFT_SATED_V2
ann_history,adult,Игнорирование видимой добычи,ANN homeostatic V3 (frog_lib_ann_soft_sated_v3) vs ANN frozen homeostatic V3 (frog_lib_ann_frozen_soft_sated_v3),-0.1102,-1.0000,7.07e-18,7.07e-17,True,ANN_SOFT_SATED_V3
ann_history,adult,Игнорирование видимой добычи,ANN homeostatic V3 (frog_lib_ann_soft_sated_v3) vs ANN homeostatic V3.1 (frog_lib_ann_soft_sated_v3_1),0.0057,0.3680,0.0015,0.0015,True,ANN_SOFT_SATED_V3_1
ann_history,adult,Игнорирование видимой добычи,ANN homeostatic V3 (frog_lib_ann_soft_sated_v3) vs ANN frozen homeostatic V3.1 (frog_lib_ann_frozen_soft_sated_v3_1),-0.2233,-1.0000,7.07e-18,7.07e-17,True,ANN_SOFT_SATED_V3
ann_history,adult,Игнорирование видимой добычи,ANN frozen homeostatic V3 (frog_lib_ann_frozen_soft_sated_v3) vs ANN homeostatic V3.1 (frog_lib_ann_soft_sated_v3_1),0.1159,1.0000,7.07e-18,7.07e-17,True,ANN_SOFT_SATED_V3_1
ann_history,adult,Игнорирование видимой добычи,ANN frozen homeostatic V3 (frog_lib_ann_frozen_soft_sated_v3) vs ANN frozen homeostatic V3.1 (frog_lib_ann_frozen_soft_sated_v3_1),-0.1131,-0.9568,1.70e-16,6.80e-16,True,ANN_FROZEN_SOFT_SATED_V3
ann_history,adult,Игнорирование видимой добычи,ANN homeostatic V3.1 (frog_lib_ann_soft_sated_v3_1) vs ANN frozen homeostatic V3.1 (frog_lib_ann_frozen_soft_sated_v3_1),-0.2290,-1.0000,7.07e-18,7.07e-17,True,ANN_SOFT_SATED_V3_1
ann_history,adult,Learning AUC,ANN homeostatic V2 (frog_lib_ann_soft_sated_v2) vs ANN frozen homeostatic V2 (frog_lib_ann_frozen_soft_sated_v2),-7.2022,-0.8760,4.51e-14,2.26e-13,True,ANN_FROZEN_SOFT_SATED_V2
ann_history,adult,Learning AUC,ANN homeostatic V2 (frog_lib_ann_soft_sated_v2) vs ANN homeostatic V3 (frog_lib_ann_soft_sated_v3),3.3988,1.0000,7.07e-18,1.06e-16,True,ANN_SOFT_SATED_V2
ann_history,adult,Learning AUC,ANN homeostatic V2 (frog_lib_ann_soft_sated_v2) vs ANN frozen homeostatic V3 (frog_lib_ann_frozen_soft_sated_v3),3.4100,1.0000,7.07e-18,1.06e-16,True,ANN_SOFT_SATED_V2
ann_history,adult,Learning AUC,ANN homeostatic V2 (frog_lib_ann_soft_sated_v2) vs ANN homeostatic V3.1 (frog_lib_ann_soft_sated_v3_1),1.1743,0.4640,6.47e-05,0.0002,True,ANN_SOFT_SATED_V2
ann_history,adult,Learning AUC,ANN homeostatic V2 (frog_lib_ann_soft_sated_v2) vs ANN frozen homeostatic V3.1 (frog_lib_ann_frozen_soft_sated_v3_1),1.8323,0.6936,2.32e-09,9.29e-09,True,ANN_SOFT_SATED_V2
ann_history,adult,Learning AUC,ANN frozen homeostatic V2 (frog_lib_ann_frozen_soft_sated_v2) vs ANN homeostatic V3 (frog_lib_ann_soft_sated_v3),10.6010,1.0000,7.07e-18,1.06e-16,True,ANN_FROZEN_SOFT_SATED_V2
ann_history,adult,Learning AUC,ANN frozen homeostatic V2 (frog_lib_ann_frozen_soft_sated_v2) vs ANN frozen homeostatic V3 (frog_lib_ann_frozen_soft_sated_v3),10.6121,1.0000,7.07e-18,1.06e-16,True,ANN_FROZEN_SOFT_SATED_V2
ann_history,adult,Learning AUC,ANN frozen homeostatic V2 (frog_lib_ann_frozen_soft_sated_v2) vs ANN homeostatic V3.1 (frog_lib_ann_soft_sated_v3_1),8.3765,0.9656,8.99e-17,5.40e-16,True,ANN_FROZEN_SOFT_SATED_V2
ann_history,adult,Learning AUC,ANN frozen homeostatic V2 (frog_lib_ann_frozen_soft_sated_v2) vs ANN frozen homeostatic V3.1 (frog_lib_ann_frozen_soft_sated_v3_1),9.0345,0.9896,1.54e-17,1.38e-16,True,ANN_FROZEN_SOFT_SATED_V2
ann_history,adult,Learning AUC,ANN homeostatic V3 (frog_lib_ann_soft_sated_v3) vs ANN frozen homeostatic V3 (frog_lib_ann_frozen_soft_sated_v3),0.0111,0.2664,0.0219,0.0219,True,ANN_SOFT_SATED_V3
ann_history,adult,Learning AUC,ANN homeostatic V3 (frog_lib_ann_soft_sated_v3) vs ANN homeostatic V3.1 (frog_lib_ann_soft_sated_v3_1),-2.2245,-0.9688,7.12e-17,4.99e-16,True,ANN_SOFT_SATED_V3_1
ann_history,adult,Learning AUC,ANN homeostatic V3 (frog_lib_ann_soft_sated_v3) vs ANN frozen homeostatic V3.1 (frog_lib_ann_frozen_soft_sated_v3_1),-1.5665,-1.0000,7.07e-18,1.06e-16,True,ANN_FROZEN_SOFT_SATED_V3_1
ann_history,adult,Learning AUC,ANN frozen homeostatic V3 (frog_lib_ann_frozen_soft_sated_v3) vs ANN homeostatic V3.1 (frog_lib_ann_soft_sated_v3_1),-2.2357,-0.9728,5.32e-17,4.25e-16,True,ANN_SOFT_SATED_V3_1
ann_history,adult,Learning AUC,ANN frozen homeostatic V3 (frog_lib_ann_frozen_soft_sated_v3) vs ANN frozen homeostatic V3.1 (frog_lib_ann_frozen_soft_sated_v3_1),-1.5776,-1.0000,7.07e-18,1.06e-16,True,ANN_FROZEN_SOFT_SATED_V3_1
ann_history,adult,Learning AUC,ANN homeostatic V3.1 (frog_lib_ann_soft_sated_v3_1) vs ANN frozen homeostatic V3.1 (frog_lib_ann_frozen_soft_sated_v3_1),0.6580,0.3784,0.0011,0.0022,True,ANN_SOFT_SATED_V3_1
ann_history,adult,Успешность поимки,ANN homeostatic V2 (frog_lib_ann_soft_sated_v2) vs ANN frozen homeostatic V2 (frog_lib_ann_frozen_soft_sated_v2),0.0000,0.0000,1.0000,1.0000,False,ANN_FROZEN_SOFT_SATED_V2
ann_history,adult,Успешность поимки,ANN homeostatic V2 (frog_lib_ann_soft_sated_v2) vs ANN homeostatic V3 (frog_lib_ann_soft_sated_v3),0.0000,0.0000,1.0000,1.0000,False,ANN_SOFT_SATED_V3
ann_history,adult,Успешность поимки,ANN homeostatic V2 (frog_lib_ann_soft_sated_v2) vs ANN frozen homeostatic V3 (frog_lib_ann_frozen_soft_sated_v3),0.0032,0.0400,0.1594,1.0000,False,ANN_SOFT_SATED_V2
ann_history,adult,Успешность поимки,ANN homeostatic V2 (frog_lib_ann_soft_sated_v2) vs ANN homeostatic V3.1 (frog_lib_ann_soft_sated_v3_1),0.0000,0.0000,1.0000,1.0000,False,ANN_SOFT_SATED_V3_1
ann_history,adult,Успешность поимки,ANN homeostatic V2 (frog_lib_ann_soft_sated_v2) vs ANN frozen homeostatic V3.1 (frog_lib_ann_frozen_soft_sated_v3_1),0.0009,0.0200,0.3271,1.0000,False,ANN_SOFT_SATED_V2
ann_history,adult,Успешность поимки,ANN frozen homeostatic V2 (frog_lib_ann_frozen_soft_sated_v2) vs ANN homeostatic V3 (frog_lib_ann_soft_sated_v3),0.0000,0.0000,1.0000,1.0000,False,ANN_SOFT_SATED_V3
ann_history,adult,Успешность поимки,ANN frozen homeostatic V2 (frog_lib_ann_frozen_soft_sated_v2) vs ANN frozen homeostatic V3 (frog_lib_ann_frozen_soft_sated_v3),0.0032,0.0400,0.1594,1.0000,False,ANN_FROZEN_SOFT_SATED_V2
ann_history,adult,Успешность поимки,ANN frozen homeostatic V2 (frog_lib_ann_frozen_soft_sated_v2) vs ANN homeostatic V3.1 (frog_lib_ann_soft_sated_v3_1),0.0000,0.0000,1.0000,1.0000,False,ANN_SOFT_SATED_V3_1
ann_history,adult,Успешность поимки,ANN frozen homeostatic V2 (frog_lib_ann_frozen_soft_sated_v2) vs ANN frozen homeostatic V3.1 (frog_lib_ann_frozen_soft_sated_v3_1),0.0009,0.0200,0.3271,1.0000,False,ANN_FROZEN_SOFT_SATED_V2
ann_history,adult,Успешность поимки,ANN homeostatic V3 (frog_lib_ann_soft_sated_v3) vs ANN frozen homeostatic V3 (frog_lib_ann_frozen_soft_sated_v3),0.0032,0.0400,0.1594,1.0000,False,ANN_SOFT_SATED_V3
ann_history,adult,Успешность поимки,ANN homeostatic V3 (frog_lib_ann_soft_sated_v3) vs ANN homeostatic V3.1 (frog_lib_ann_soft_sated_v3_1),0.0000,0.0000,1.0000,1.0000,False,ANN_SOFT_SATED_V3_1
ann_history,adult,Успешность поимки,ANN homeostatic V3 (frog_lib_ann_soft_sated_v3) vs ANN frozen homeostatic V3.1 (frog_lib_ann_frozen_soft_sated_v3_1),0.0009,0.0200,0.3271,1.0000,False,ANN_SOFT_SATED_V3
ann_history,adult,Успешность поимки,ANN frozen homeostatic V3 (frog_lib_ann_frozen_soft_sated_v3) vs ANN homeostatic V3.1 (frog_lib_ann_soft_sated_v3_1),-0.0032,-0.0400,0.1594,1.0000,False,ANN_SOFT_SATED_V3_1
ann_history,adult,Успешность поимки,ANN frozen homeostatic V3 (frog_lib_ann_frozen_soft_sated_v3) vs ANN frozen homeostatic V3.1 (frog_lib_ann_frozen_soft_sated_v3_1),-0.0022,-0.0208,0.5519,1.0000,False,ANN_FROZEN_SOFT_SATED_V3_1
ann_history,adult,Успешность поимки,ANN homeostatic V3.1 (frog_lib_ann_soft_sated_v3_1) vs ANN frozen homeostatic V3.1 (frog_lib_ann_frozen_soft_sated_v3_1),0.0009,0.0200,0.3271,1.0000,False,ANN_SOFT_SATED_V3_1
ann_history,adult,"Вычислительная цена, с/поимку",ANN homeostatic V2 (frog_lib_ann_soft_sated_v2) vs ANN frozen homeostatic V2 (frog_lib_ann_frozen_soft_sated_v2),0.7796,0.9632,1.07e-16,1.39e-15,True,ANN_FROZEN_SOFT_SATED_V2
ann_history,adult,"Вычислительная цена, с/поимку",ANN homeostatic V2 (frog_lib_ann_soft_sated_v2) vs ANN homeostatic V3 (frog_lib_ann_soft_sated_v3),-0.1768,-0.3672,0.0016,0.0031,True,ANN_SOFT_SATED_V2
ann_history,adult,"Вычислительная цена, с/поимку",ANN homeostatic V2 (frog_lib_ann_soft_sated_v2) vs ANN frozen homeostatic V3 (frog_lib_ann_frozen_soft_sated_v3),0.0160,-0.1760,0.1302,0.1302,False,ANN_FROZEN_SOFT_SATED_V3
ann_history,adult,"Вычислительная цена, с/поимку",ANN homeostatic V2 (frog_lib_ann_soft_sated_v2) vs ANN homeostatic V3.1 (frog_lib_ann_soft_sated_v3_1),0.4119,0.6928,2.42e-09,1.70e-08,True,ANN_SOFT_SATED_V3_1
ann_history,adult,"Вычислительная цена, с/поимку",ANN homeostatic V2 (frog_lib_ann_soft_sated_v2) vs ANN frozen homeostatic V3.1 (frog_lib_ann_frozen_soft_sated_v3_1),0.2794,0.3864,0.0009,0.0026,True,ANN_FROZEN_SOFT_SATED_V3_1
ann_history,adult,"Вычислительная цена, с/поимку",ANN frozen homeostatic V2 (frog_lib_ann_frozen_soft_sated_v2) vs ANN homeostatic V3 (frog_lib_ann_soft_sated_v3),-0.9564,-0.9976,8.46e-18,1.27e-16,True,ANN_FROZEN_SOFT_SATED_V2
ann_history,adult,"Вычислительная цена, с/поимку",ANN frozen homeostatic V2 (frog_lib_ann_frozen_soft_sated_v2) vs ANN frozen homeostatic V3 (frog_lib_ann_frozen_soft_sated_v3),-0.7636,-0.9776,3.74e-17,5.23e-16,True,ANN_FROZEN_SOFT_SATED_V2
ann_history,adult,"Вычислительная цена, с/поимку",ANN frozen homeostatic V2 (frog_lib_ann_frozen_soft_sated_v2) vs ANN homeostatic V3.1 (frog_lib_ann_soft_sated_v3_1),-0.3678,-0.8992,9.54e-15,1.05e-13,True,ANN_FROZEN_SOFT_SATED_V2
ann_history,adult,"Вычислительная цена, с/поимку",ANN frozen homeostatic V2 (frog_lib_ann_frozen_soft_sated_v2) vs ANN frozen homeostatic V3.1 (frog_lib_ann_frozen_soft_sated_v3_1),-0.5002,-0.9392,5.97e-16,7.17e-15,True,ANN_FROZEN_SOFT_SATED_V2
ann_history,adult,"Вычислительная цена, с/поимку",ANN homeostatic V3 (frog_lib_ann_soft_sated_v3) vs ANN frozen homeostatic V3 (frog_lib_ann_frozen_soft_sated_v3),0.1928,0.5880,4.12e-07,2.06e-06,True,ANN_FROZEN_SOFT_SATED_V3
ann_history,adult,"Вычислительная цена, с/поимку",ANN homeostatic V3 (frog_lib_ann_soft_sated_v3) vs ANN homeostatic V3.1 (frog_lib_ann_soft_sated_v3_1),0.5886,0.8960,1.19e-14,1.19e-13,True,ANN_SOFT_SATED_V3_1
ann_history,adult,"Вычислительная цена, с/поимку",ANN homeostatic V3 (frog_lib_ann_soft_sated_v3) vs ANN frozen homeostatic V3.1 (frog_lib_ann_frozen_soft_sated_v3_1),0.4562,0.8128,2.55e-12,2.04e-11,True,ANN_FROZEN_SOFT_SATED_V3_1
ann_history,adult,"Вычислительная цена, с/поимку",ANN frozen homeostatic V3 (frog_lib_ann_frozen_soft_sated_v3) vs ANN homeostatic V3.1 (frog_lib_ann_soft_sated_v3_1),0.3958,0.8800,3.46e-14,3.12e-13,True,ANN_SOFT_SATED_V3_1
ann_history,adult,"Вычислительная цена, с/поимку",ANN frozen homeostatic V3 (frog_lib_ann_frozen_soft_sated_v3) vs ANN frozen homeostatic V3.1 (frog_lib_ann_frozen_soft_sated_v3_1),0.2634,0.6840,3.84e-09,2.31e-08,True,ANN_FROZEN_SOFT_SATED_V3_1
ann_history,adult,"Вычислительная цена, с/поимку",ANN homeostatic V3.1 (frog_lib_ann_soft_sated_v3_1) vs ANN frozen homeostatic V3.1 (frog_lib_ann_frozen_soft_sated_v3_1),-0.1324,-0.4392,0.0002,0.0006,True,ANN_SOFT_SATED_V3_1
ann_history,developmental,"Темп ловли, мух/мин",ANN homeostatic V2 (frog_lib_ann_soft_sated_v2) vs ANN frozen homeostatic V2 (frog_lib_ann_frozen_soft_sated_v2),-6.7968,-0.9552,1.85e-16,1.67e-15,True,ANN_FROZEN_SOFT_SATED_V2
ann_history,developmental,"Темп ловли, мух/мин",ANN homeostatic V2 (frog_lib_ann_soft_sated_v2) vs ANN homeostatic V3 (frog_lib_ann_soft_sated_v3),0.2496,0.3972,0.0005,0.0010,True,ANN_SOFT_SATED_V2
ann_history,developmental,"Темп ловли, мух/мин",ANN homeostatic V2 (frog_lib_ann_soft_sated_v2) vs ANN frozen homeostatic V3 (frog_lib_ann_frozen_soft_sated_v3),0.3696,0.5704,7.58e-07,3.03e-06,True,ANN_SOFT_SATED_V2
ann_history,developmental,"Темп ловли, мух/мин",ANN homeostatic V2 (frog_lib_ann_soft_sated_v2) vs ANN homeostatic V3.1 (frog_lib_ann_soft_sated_v3_1),-1.4184,-0.9884,1.61e-17,1.78e-16,True,ANN_SOFT_SATED_V3_1
ann_history,developmental,"Темп ловли, мух/мин",ANN homeostatic V2 (frog_lib_ann_soft_sated_v2) vs ANN frozen homeostatic V3.1 (frog_lib_ann_frozen_soft_sated_v3_1),-0.0204,-0.0156,0.8956,0.8956,False,ANN_FROZEN_SOFT_SATED_V3_1
ann_history,developmental,"Темп ловли, мух/мин",ANN frozen homeostatic V2 (frog_lib_ann_frozen_soft_sated_v2) vs ANN homeostatic V3 (frog_lib_ann_soft_sated_v3),7.0464,1.0000,1.65e-18,2.44e-17,True,ANN_FROZEN_SOFT_SATED_V2
ann_history,developmental,"Темп ловли, мух/мин",ANN frozen homeostatic V2 (frog_lib_ann_frozen_soft_sated_v2) vs ANN frozen homeostatic V3 (frog_lib_ann_frozen_soft_sated_v3),7.1664,1.0000,4.99e-18,6.41e-17,True,ANN_FROZEN_SOFT_SATED_V2
ann_history,developmental,"Темп ловли, мух/мин",ANN frozen homeostatic V2 (frog_lib_ann_frozen_soft_sated_v2) vs ANN homeostatic V3.1 (frog_lib_ann_soft_sated_v3_1),5.3784,0.9024,7.58e-15,5.30e-14,True,ANN_FROZEN_SOFT_SATED_V2
ann_history,developmental,"Темп ловли, мух/мин",ANN frozen homeostatic V2 (frog_lib_ann_frozen_soft_sated_v2) vs ANN frozen homeostatic V3.1 (frog_lib_ann_frozen_soft_sated_v3_1),6.7764,0.9548,1.92e-16,1.67e-15,True,ANN_FROZEN_SOFT_SATED_V2
ann_history,developmental,"Темп ловли, мух/мин",ANN homeostatic V3 (frog_lib_ann_soft_sated_v3) vs ANN frozen homeostatic V3 (frog_lib_ann_frozen_soft_sated_v3),0.1200,0.6376,3.59e-09,2.15e-08,True,ANN_SOFT_SATED_V3
ann_history,developmental,"Темп ловли, мух/мин",ANN homeostatic V3 (frog_lib_ann_soft_sated_v3) vs ANN homeostatic V3.1 (frog_lib_ann_soft_sated_v3_1),-1.6680,-1.0000,1.62e-18,2.44e-17,True,ANN_SOFT_SATED_V3_1
ann_history,developmental,"Темп ловли, мух/мин",ANN homeostatic V3 (frog_lib_ann_soft_sated_v3) vs ANN frozen homeostatic V3.1 (frog_lib_ann_frozen_soft_sated_v3_1),-0.2700,-0.4596,5.31e-05,0.0002,True,ANN_FROZEN_SOFT_SATED_V3_1
ann_history,developmental,"Темп ловли, мух/мин",ANN frozen homeostatic V3 (frog_lib_ann_frozen_soft_sated_v3) vs ANN homeostatic V3.1 (frog_lib_ann_soft_sated_v3_1),-1.7880,-1.0000,4.93e-18,6.41e-17,True,ANN_SOFT_SATED_V3_1
ann_history,developmental,"Темп ловли, мух/мин",ANN frozen homeostatic V3 (frog_lib_ann_frozen_soft_sated_v3) vs ANN frozen homeostatic V3.1 (frog_lib_ann_frozen_soft_sated_v3_1),-0.3900,-0.5792,5.29e-07,2.65e-06,True,ANN_FROZEN_SOFT_SATED_V3_1
ann_history,developmental,"Темп ловли, мух/мин",ANN homeostatic V3.1 (frog_lib_ann_soft_sated_v3_1) vs ANN frozen homeostatic V3.1 (frog_lib_ann_frozen_soft_sated_v3_1),1.3980,0.9736,4.84e-17,4.84e-16,True,ANN_SOFT_SATED_V3_1
ann_history,developmental,"Время до первой поимки, с",ANN homeostatic V2 (frog_lib_ann_soft_sated_v2) vs ANN frozen homeostatic V2 (frog_lib_ann_frozen_soft_sated_v2),-0.2038,-0.1308,0.2611,0.5222,False,ANN_SOFT_SATED_V2
ann_history,developmental,"Время до первой поимки, с",ANN homeostatic V2 (frog_lib_ann_soft_sated_v2) vs ANN homeostatic V3 (frog_lib_ann_soft_sated_v3),-90.9040,-1.0000,7.06e-18,1.06e-16,True,ANN_SOFT_SATED_V2
ann_history,developmental,"Время до первой поимки, с",ANN homeostatic V2 (frog_lib_ann_soft_sated_v2) vs ANN frozen homeostatic V3 (frog_lib_ann_frozen_soft_sated_v3),-92.1162,-1.0000,7.06e-18,1.06e-16,True,ANN_SOFT_SATED_V2
ann_history,developmental,"Время до первой поимки, с",ANN homeostatic V2 (frog_lib_ann_soft_sated_v2) vs ANN homeostatic V3.1 (frog_lib_ann_soft_sated_v3_1),-4.1296,-0.6020,2.17e-07,1.52e-06,True,ANN_SOFT_SATED_V2
ann_history,developmental,"Время до первой поимки, с",ANN homeostatic V2 (frog_lib_ann_soft_sated_v2) vs ANN frozen homeostatic V3.1 (frog_lib_ann_frozen_soft_sated_v3_1),-4.7174,-0.5948,3.02e-07,1.81e-06,True,ANN_SOFT_SATED_V2
ann_history,developmental,"Время до первой поимки, с",ANN frozen homeostatic V2 (frog_lib_ann_frozen_soft_sated_v2) vs ANN homeostatic V3 (frog_lib_ann_soft_sated_v3),-90.7002,-1.0000,7.06e-18,1.06e-16,True,ANN_FROZEN_SOFT_SATED_V2
ann_history,developmental,"Время до первой поимки, с",ANN frozen homeostatic V2 (frog_lib_ann_frozen_soft_sated_v2) vs ANN frozen homeostatic V3 (frog_lib_ann_frozen_soft_sated_v3),-91.9124,-1.0000,7.06e-18,1.06e-16,True,ANN_FROZEN_SOFT_SATED_V2
ann_history,developmental,"Время до первой поимки, с",ANN frozen homeostatic V2 (frog_lib_ann_frozen_soft_sated_v2) vs ANN homeostatic V3.1 (frog_lib_ann_soft_sated_v3_1),-3.9258,-0.5124,1.02e-05,4.22e-05,True,ANN_FROZEN_SOFT_SATED_V2
ann_history,developmental,"Время до первой поимки, с",ANN frozen homeostatic V2 (frog_lib_ann_frozen_soft_sated_v2) vs ANN frozen homeostatic V3.1 (frog_lib_ann_frozen_soft_sated_v3_1),-4.5136,-0.5172,8.45e-06,4.22e-05,True,ANN_FROZEN_SOFT_SATED_V2
ann_history,developmental,"Время до первой поимки, с",ANN homeostatic V3 (frog_lib_ann_soft_sated_v3) vs ANN frozen homeostatic V3 (frog_lib_ann_frozen_soft_sated_v3),-1.2122,0.2636,0.0233,0.0700,False,ANN_SOFT_SATED_V3
ann_history,developmental,"Время до первой поимки, с",ANN homeostatic V3 (frog_lib_ann_soft_sated_v3) vs ANN homeostatic V3.1 (frog_lib_ann_soft_sated_v3_1),86.7744,1.0000,7.06e-18,1.06e-16,True,ANN_SOFT_SATED_V3_1
ann_history,developmental,"Время до первой поимки, с",ANN homeostatic V3 (frog_lib_ann_soft_sated_v3) vs ANN frozen homeostatic V3.1 (frog_lib_ann_frozen_soft_sated_v3_1),86.1866,1.0000,7.06e-18,1.06e-16,True,ANN_FROZEN_SOFT_SATED_V3_1
ann_history,developmental,"Время до первой поимки, с",ANN frozen homeostatic V3 (frog_lib_ann_frozen_soft_sated_v3) vs ANN homeostatic V3.1 (frog_lib_ann_soft_sated_v3_1),87.9866,1.0000,7.06e-18,1.06e-16,True,ANN_SOFT_SATED_V3_1
ann_history,developmental,"Время до первой поимки, с",ANN frozen homeostatic V3 (frog_lib_ann_frozen_soft_sated_v3) vs ANN frozen homeostatic V3.1 (frog_lib_ann_frozen_soft_sated_v3_1),87.3988,1.0000,7.06e-18,1.06e-16,True,ANN_FROZEN_SOFT_SATED_V3_1
ann_history,developmental,"Время до первой поимки, с",ANN homeostatic V3.1 (frog_lib_ann_soft_sated_v3_1) vs ANN frozen homeostatic V3.1 (frog_lib_ann_frozen_soft_sated_v3_1),-0.5878,-0.0480,0.6817,0.6817,False,ANN_SOFT_SATED_V3_1
ann_history,developmental,"Энергоэффективность, мух/энергию",ANN homeostatic V2 (frog_lib_ann_soft_sated_v2) vs ANN frozen homeostatic V2 (frog_lib_ann_frozen_soft_sated_v2),-0.0270,-0.8612,1.18e-13,1.65e-12,True,ANN_FROZEN_SOFT_SATED_V2
ann_history,developmental,"Энергоэффективность, мух/энергию",ANN homeostatic V2 (frog_lib_ann_soft_sated_v2) vs ANN homeostatic V3 (frog_lib_ann_soft_sated_v3),-0.0158,-0.2848,0.0142,0.0997,False,ANN_SOFT_SATED_V3
ann_history,developmental,"Энергоэффективность, мух/энергию",ANN homeostatic V2 (frog_lib_ann_soft_sated_v2) vs ANN frozen homeostatic V3 (frog_lib_ann_frozen_soft_sated_v3),-0.0060,-0.1616,0.1647,0.4941,False,ANN_FROZEN_SOFT_SATED_V3
ann_history,developmental,"Энергоэффективность, мух/энергию",ANN homeostatic V2 (frog_lib_ann_soft_sated_v2) vs ANN homeostatic V3.1 (frog_lib_ann_soft_sated_v3_1),-0.0273,-0.9096,4.64e-15,6.96e-14,True,ANN_SOFT_SATED_V3_1
ann_history,developmental,"Энергоэффективность, мух/энергию",ANN homeostatic V2 (frog_lib_ann_soft_sated_v2) vs ANN frozen homeostatic V3.1 (frog_lib_ann_frozen_soft_sated_v3_1),-0.0017,-0.0976,0.4019,0.8039,False,ANN_FROZEN_SOFT_SATED_V3_1
ann_history,developmental,"Энергоэффективность, мух/энергию",ANN frozen homeostatic V2 (frog_lib_ann_frozen_soft_sated_v2) vs ANN homeostatic V3 (frog_lib_ann_soft_sated_v3),0.0112,0.7920,9.01e-12,9.91e-11,True,ANN_FROZEN_SOFT_SATED_V2
ann_history,developmental,"Энергоэффективность, мух/энергию",ANN frozen homeostatic V2 (frog_lib_ann_frozen_soft_sated_v2) vs ANN frozen homeostatic V3 (frog_lib_ann_frozen_soft_sated_v3),0.0209,0.7920,9.01e-12,9.91e-11,True,ANN_FROZEN_SOFT_SATED_V2
ann_history,developmental,"Энергоэффективность, мух/энергию",ANN frozen homeostatic V2 (frog_lib_ann_frozen_soft_sated_v2) vs ANN homeostatic V3.1 (frog_lib_ann_soft_sated_v3_1),-0.0003,0.1952,0.0932,0.4661,False,ANN_SOFT_SATED_V3_1
ann_history,developmental,"Энергоэффективность, мух/энергию",ANN frozen homeostatic V2 (frog_lib_ann_frozen_soft_sated_v2) vs ANN frozen homeostatic V3.1 (frog_lib_ann_frozen_soft_sated_v3_1),0.0253,0.7584,6.49e-11,5.19e-10,True,ANN_FROZEN_SOFT_SATED_V2
ann_history,developmental,"Энергоэффективность, мух/энергию",ANN homeostatic V3 (frog_lib_ann_soft_sated_v3) vs ANN frozen homeostatic V3 (frog_lib_ann_frozen_soft_sated_v3),0.0098,0.2256,0.0523,0.3138,False,ANN_SOFT_SATED_V3
ann_history,developmental,"Энергоэффективность, мух/энергию",ANN homeostatic V3 (frog_lib_ann_soft_sated_v3) vs ANN homeostatic V3.1 (frog_lib_ann_soft_sated_v3_1),-0.0115,-0.8520,2.16e-13,2.59e-12,True,ANN_SOFT_SATED_V3_1
ann_history,developmental,"Энергоэффективность, мух/энергию",ANN homeostatic V3 (frog_lib_ann_soft_sated_v3) vs ANN frozen homeostatic V3.1 (frog_lib_ann_frozen_soft_sated_v3_1),0.0142,0.1800,0.1217,0.4868,False,ANN_SOFT_SATED_V3
ann_history,developmental,"Энергоэффективность, мух/энергию",ANN frozen homeostatic V3 (frog_lib_ann_frozen_soft_sated_v3) vs ANN homeostatic V3.1 (frog_lib_ann_soft_sated_v3_1),-0.0212,-0.8568,1.58e-13,2.06e-12,True,ANN_SOFT_SATED_V3_1
ann_history,developmental,"Энергоэффективность, мух/энергию",ANN frozen homeostatic V3 (frog_lib_ann_frozen_soft_sated_v3) vs ANN frozen homeostatic V3.1 (frog_lib_ann_frozen_soft_sated_v3_1),0.0044,0.0424,0.7174,0.8039,False,ANN_FROZEN_SOFT_SATED_V3
ann_history,developmental,"Энергоэффективность, мух/энергию",ANN homeostatic V3.1 (frog_lib_ann_soft_sated_v3_1) vs ANN frozen homeostatic V3.1 (frog_lib_ann_frozen_soft_sated_v3_1),0.0256,0.7616,5.39e-11,4.85e-10,True,ANN_SOFT_SATED_V3_1
ann_history,developmental,Игнорирование видимой добычи,ANN homeostatic V2 (frog_lib_ann_soft_sated_v2) vs ANN frozen homeostatic V2 (frog_lib_ann_frozen_soft_sated_v2),0.0029,0.9592,1.43e-16,5.72e-16,True,ANN_FROZEN_SOFT_SATED_V2
ann_history,developmental,Игнорирование видимой добычи,ANN homeostatic V2 (frog_lib_ann_soft_sated_v2) vs ANN homeostatic V3 (frog_lib_ann_soft_sated_v3),-0.0156,-1.0000,7.07e-18,1.06e-16,True,ANN_SOFT_SATED_V2
ann_history,developmental,Игнорирование видимой добычи,ANN homeostatic V2 (frog_lib_ann_soft_sated_v2) vs ANN frozen homeostatic V3 (frog_lib_ann_frozen_soft_sated_v3),-0.0391,-1.0000,7.07e-18,1.06e-16,True,ANN_SOFT_SATED_V2
ann_history,developmental,Игнорирование видимой добычи,ANN homeostatic V2 (frog_lib_ann_soft_sated_v2) vs ANN homeostatic V3.1 (frog_lib_ann_soft_sated_v3_1),-0.0087,-0.9592,1.43e-16,5.72e-16,True,ANN_SOFT_SATED_V2
ann_history,developmental,Игнорирование видимой добычи,ANN homeostatic V2 (frog_lib_ann_soft_sated_v2) vs ANN frozen homeostatic V3.1 (frog_lib_ann_frozen_soft_sated_v3_1),-0.0551,-1.0000,7.07e-18,1.06e-16,True,ANN_SOFT_SATED_V2
ann_history,developmental,Игнорирование видимой добычи,ANN frozen homeostatic V2 (frog_lib_ann_frozen_soft_sated_v2) vs ANN homeostatic V3 (frog_lib_ann_soft_sated_v3),-0.0185,-1.0000,7.07e-18,1.06e-16,True,ANN_FROZEN_SOFT_SATED_V2
ann_history,developmental,Игнорирование видимой добычи,ANN frozen homeostatic V2 (frog_lib_ann_frozen_soft_sated_v2) vs ANN frozen homeostatic V3 (frog_lib_ann_frozen_soft_sated_v3),-0.0420,-1.0000,7.07e-18,1.06e-16,True,ANN_FROZEN_SOFT_SATED_V2
ann_history,developmental,Игнорирование видимой добычи,ANN frozen homeostatic V2 (frog_lib_ann_frozen_soft_sated_v2) vs ANN homeostatic V3.1 (frog_lib_ann_soft_sated_v3_1),-0.0116,-1.0000,7.07e-18,1.06e-16,True,ANN_FROZEN_SOFT_SATED_V2
ann_history,developmental,Игнорирование видимой добычи,ANN frozen homeostatic V2 (frog_lib_ann_frozen_soft_sated_v2) vs ANN frozen homeostatic V3.1 (frog_lib_ann_frozen_soft_sated_v3_1),-0.0580,-1.0000,7.07e-18,1.06e-16,True,ANN_FROZEN_SOFT_SATED_V2
ann_history,developmental,Игнорирование видимой добычи,ANN homeostatic V3 (frog_lib_ann_soft_sated_v3) vs ANN frozen homeostatic V3 (frog_lib_ann_frozen_soft_sated_v3),-0.0236,-1.0000,7.07e-18,1.06e-16,True,ANN_SOFT_SATED_V3
ann_history,developmental,Игнорирование видимой добычи,ANN homeostatic V3 (frog_lib_ann_soft_sated_v3) vs ANN homeostatic V3.1 (frog_lib_ann_soft_sated_v3_1),0.0069,0.8408,4.42e-13,4.42e-13,True,ANN_SOFT_SATED_V3_1
ann_history,developmental,Игнорирование видимой добычи,ANN homeostatic V3 (frog_lib_ann_soft_sated_v3) vs ANN frozen homeostatic V3.1 (frog_lib_ann_frozen_soft_sated_v3_1),-0.0395,-1.0000,7.07e-18,1.06e-16,True,ANN_SOFT_SATED_V3
ann_history,developmental,Игнорирование видимой добычи,ANN frozen homeostatic V3 (frog_lib_ann_frozen_soft_sated_v3) vs ANN homeostatic V3.1 (frog_lib_ann_soft_sated_v3_1),0.0305,1.0000,7.07e-18,1.06e-16,True,ANN_SOFT_SATED_V3_1
ann_history,developmental,Игнорирование видимой добычи,ANN frozen homeostatic V3 (frog_lib_ann_frozen_soft_sated_v3) vs ANN frozen homeostatic V3.1 (frog_lib_ann_frozen_soft_sated_v3_1),-0.0159,-0.9008,8.56e-15,1.71e-14,True,ANN_FROZEN_SOFT_SATED_V3
ann_history,developmental,Игнорирование видимой добычи,ANN homeostatic V3.1 (frog_lib_ann_soft_sated_v3_1) vs ANN frozen homeostatic V3.1 (frog_lib_ann_frozen_soft_sated_v3_1),-0.0464,-1.0000,7.07e-18,1.06e-16,True,ANN_SOFT_SATED_V3_1
ann_history,developmental,Learning AUC,ANN homeostatic V2 (frog_lib_ann_soft_sated_v2) vs ANN frozen homeostatic V2 (frog_lib_ann_frozen_soft_sated_v2),-7.9295,-0.9696,6.72e-17,4.03e-16,True,ANN_FROZEN_SOFT_SATED_V2
ann_history,developmental,Learning AUC,ANN homeostatic V2 (frog_lib_ann_soft_sated_v2) vs ANN homeostatic V3 (frog_lib_ann_soft_sated_v3),2.4852,1.0000,7.07e-18,1.06e-16,True,ANN_SOFT_SATED_V2
ann_history,developmental,Learning AUC,ANN homeostatic V2 (frog_lib_ann_soft_sated_v2) vs ANN frozen homeostatic V3 (frog_lib_ann_frozen_soft_sated_v3),2.5634,1.0000,7.07e-18,1.06e-16,True,ANN_SOFT_SATED_V2
ann_history,developmental,Learning AUC,ANN homeostatic V2 (frog_lib_ann_soft_sated_v2) vs ANN homeostatic V3.1 (frog_lib_ann_soft_sated_v3_1),-0.0636,-0.0640,0.5837,0.5837,False,ANN_SOFT_SATED_V3_1
ann_history,developmental,Learning AUC,ANN homeostatic V2 (frog_lib_ann_soft_sated_v2) vs ANN frozen homeostatic V3.1 (frog_lib_ann_frozen_soft_sated_v3_1),1.1375,0.7064,1.17e-09,2.35e-09,True,ANN_SOFT_SATED_V2
ann_history,developmental,Learning AUC,ANN frozen homeostatic V2 (frog_lib_ann_frozen_soft_sated_v2) vs ANN homeostatic V3 (frog_lib_ann_soft_sated_v3),10.4147,1.0000,7.07e-18,1.06e-16,True,ANN_FROZEN_SOFT_SATED_V2
ann_history,developmental,Learning AUC,ANN frozen homeostatic V2 (frog_lib_ann_frozen_soft_sated_v2) vs ANN frozen homeostatic V3 (frog_lib_ann_frozen_soft_sated_v3),10.4929,1.0000,7.07e-18,1.06e-16,True,ANN_FROZEN_SOFT_SATED_V2
ann_history,developmental,Learning AUC,ANN frozen homeostatic V2 (frog_lib_ann_frozen_soft_sated_v2) vs ANN homeostatic V3.1 (frog_lib_ann_soft_sated_v3_1),7.8659,0.9720,5.64e-17,3.95e-16,True,ANN_FROZEN_SOFT_SATED_V2
ann_history,developmental,Learning AUC,ANN frozen homeostatic V2 (frog_lib_ann_frozen_soft_sated_v2) vs ANN frozen homeostatic V3.1 (frog_lib_ann_frozen_soft_sated_v3_1),9.0670,0.9992,7.50e-18,1.06e-16,True,ANN_FROZEN_SOFT_SATED_V2
ann_history,developmental,Learning AUC,ANN homeostatic V3 (frog_lib_ann_soft_sated_v3) vs ANN frozen homeostatic V3 (frog_lib_ann_frozen_soft_sated_v3),0.0783,0.7512,9.81e-11,2.94e-10,True,ANN_SOFT_SATED_V3
ann_history,developmental,Learning AUC,ANN homeostatic V3 (frog_lib_ann_soft_sated_v3) vs ANN homeostatic V3.1 (frog_lib_ann_soft_sated_v3_1),-2.5487,-1.0000,7.07e-18,1.06e-16,True,ANN_SOFT_SATED_V3_1
ann_history,developmental,Learning AUC,ANN homeostatic V3 (frog_lib_ann_soft_sated_v3) vs ANN frozen homeostatic V3.1 (frog_lib_ann_frozen_soft_sated_v3_1),-1.3477,-0.9640,1.01e-16,5.05e-16,True,ANN_FROZEN_SOFT_SATED_V3_1
ann_history,developmental,Learning AUC,ANN frozen homeostatic V3 (frog_lib_ann_frozen_soft_sated_v3) vs ANN homeostatic V3.1 (frog_lib_ann_soft_sated_v3_1),-2.6270,-1.0000,7.07e-18,1.06e-16,True,ANN_SOFT_SATED_V3_1
ann_history,developmental,Learning AUC,ANN frozen homeostatic V3 (frog_lib_ann_frozen_soft_sated_v3) vs ANN frozen homeostatic V3.1 (frog_lib_ann_frozen_soft_sated_v3_1),-1.4259,-0.9896,1.54e-17,1.23e-16,True,ANN_FROZEN_SOFT_SATED_V3_1
ann_history,developmental,Learning AUC,ANN homeostatic V3.1 (frog_lib_ann_soft_sated_v3_1) vs ANN frozen homeostatic V3.1 (frog_lib_ann_frozen_soft_sated_v3_1),1.2010,0.7880,1.15e-11,4.58e-11,True,ANN_SOFT_SATED_V3_1
ann_history,developmental,Успешность поимки,ANN homeostatic V2 (frog_lib_ann_soft_sated_v2) vs ANN frozen homeostatic V2 (frog_lib_ann_frozen_soft_sated_v2),0.0021,0.2400,0.0003,0.0038,True,ANN_SOFT_SATED_V2
ann_history,developmental,Успешность поимки,ANN homeostatic V2 (frog_lib_ann_soft_sated_v2) vs ANN homeostatic V3 (frog_lib_ann_soft_sated_v3),0.0011,0.0200,0.3271,1.0000,False,ANN_SOFT_SATED_V2
ann_history,developmental,Успешность поимки,ANN homeostatic V2 (frog_lib_ann_soft_sated_v2) vs ANN frozen homeostatic V3 (frog_lib_ann_frozen_soft_sated_v3),0.0011,0.0200,0.3271,1.0000,False,ANN_SOFT_SATED_V2
ann_history,developmental,Успешность поимки,ANN homeostatic V2 (frog_lib_ann_soft_sated_v2) vs ANN homeostatic V3.1 (frog_lib_ann_soft_sated_v3_1),0.0022,0.0800,0.0433,0.4768,False,ANN_SOFT_SATED_V2
ann_history,developmental,Успешность поимки,ANN homeostatic V2 (frog_lib_ann_soft_sated_v2) vs ANN frozen homeostatic V3.1 (frog_lib_ann_frozen_soft_sated_v3_1),0.0022,0.0600,0.0822,0.7400,False,ANN_SOFT_SATED_V2
ann_history,developmental,Успешность поимки,ANN frozen homeostatic V2 (frog_lib_ann_frozen_soft_sated_v2) vs ANN homeostatic V3 (frog_lib_ann_soft_sated_v3),-0.0010,-0.2152,0.0015,0.0215,True,ANN_SOFT_SATED_V3
ann_history,developmental,Успешность поимки,ANN frozen homeostatic V2 (frog_lib_ann_frozen_soft_sated_v2) vs ANN frozen homeostatic V3 (frog_lib_ann_frozen_soft_sated_v3),-0.0010,-0.2152,0.0015,0.0215,True,ANN_FROZEN_SOFT_SATED_V3
ann_history,developmental,Успешность поимки,ANN frozen homeostatic V2 (frog_lib_ann_frozen_soft_sated_v2) vs ANN homeostatic V3.1 (frog_lib_ann_soft_sated_v3_1),0.0001,-0.1416,0.0566,0.5659,False,ANN_FROZEN_SOFT_SATED_V2
ann_history,developmental,Успешность поимки,ANN frozen homeostatic V2 (frog_lib_ann_frozen_soft_sated_v2) vs ANN frozen homeostatic V3.1 (frog_lib_ann_frozen_soft_sated_v3_1),0.0001,-0.1656,0.0219,0.2631,False,ANN_FROZEN_SOFT_SATED_V2
ann_history,developmental,Успешность поимки,ANN homeostatic V3 (frog_lib_ann_soft_sated_v3) vs ANN frozen homeostatic V3 (frog_lib_ann_frozen_soft_sated_v3),0.0000,0.0000,1.0000,1.0000,False,ANN_FROZEN_SOFT_SATED_V3
ann_history,developmental,Успешность поимки,ANN homeostatic V3 (frog_lib_ann_soft_sated_v3) vs ANN homeostatic V3.1 (frog_lib_ann_soft_sated_v3_1),0.0011,0.0584,0.1857,1.0000,False,ANN_SOFT_SATED_V3
ann_history,developmental,Успешность поимки,ANN homeostatic V3 (frog_lib_ann_soft_sated_v3) vs ANN frozen homeostatic V3.1 (frog_lib_ann_frozen_soft_sated_v3_1),0.0011,0.0388,0.3297,1.0000,False,ANN_SOFT_SATED_V3
ann_history,developmental,Успешность поимки,ANN frozen homeostatic V3 (frog_lib_ann_frozen_soft_sated_v3) vs ANN homeostatic V3.1 (frog_lib_ann_soft_sated_v3_1),0.0011,0.0584,0.1857,1.0000,False,ANN_FROZEN_SOFT_SATED_V3
ann_history,developmental,Успешность поимки,ANN frozen homeostatic V3 (frog_lib_ann_frozen_soft_sated_v3) vs ANN frozen homeostatic V3.1 (frog_lib_ann_frozen_soft_sated_v3_1),0.0011,0.0388,0.3297,1.0000,False,ANN_FROZEN_SOFT_SATED_V3
ann_history,developmental,Успешность поимки,ANN homeostatic V3.1 (frog_lib_ann_soft_sated_v3_1) vs ANN frozen homeostatic V3.1 (frog_lib_ann_frozen_soft_sated_v3_1),-0.0001,-0.0176,0.7376,1.0000,False,ANN_FROZEN_SOFT_SATED_V3_1
ann_history,developmental,"Вычислительная цена, с/поимку",ANN homeostatic V2 (frog_lib_ann_soft_sated_v2) vs ANN frozen homeostatic V2 (frog_lib_ann_frozen_soft_sated_v2),0.6849,0.9928,1.21e-17,1.21e-16,True,ANN_FROZEN_SOFT_SATED_V2
ann_history,developmental,"Вычислительная цена, с/поимку",ANN homeostatic V2 (frog_lib_ann_soft_sated_v2) vs ANN homeostatic V3 (frog_lib_ann_soft_sated_v3),-0.1402,-0.4824,3.27e-05,6.55e-05,True,ANN_SOFT_SATED_V2
ann_history,developmental,"Вычислительная цена, с/поимку",ANN homeostatic V2 (frog_lib_ann_soft_sated_v2) vs ANN frozen homeostatic V3 (frog_lib_ann_frozen_soft_sated_v3),-0.0983,-0.3304,0.0045,0.0045,True,ANN_SOFT_SATED_V2
ann_history,developmental,"Вычислительная цена, с/поимку",ANN homeostatic V2 (frog_lib_ann_soft_sated_v2) vs ANN homeostatic V3.1 (frog_lib_ann_soft_sated_v3_1),0.4527,0.9968,8.99e-18,1.06e-16,True,ANN_SOFT_SATED_V3_1
ann_history,developmental,"Вычислительная цена, с/поимку",ANN homeostatic V2 (frog_lib_ann_soft_sated_v2) vs ANN frozen homeostatic V3.1 (frog_lib_ann_frozen_soft_sated_v3_1),0.1744,0.5304,4.94e-06,1.48e-05,True,ANN_FROZEN_SOFT_SATED_V3_1
ann_history,developmental,"Вычислительная цена, с/поимку",ANN frozen homeostatic V2 (frog_lib_ann_frozen_soft_sated_v2) vs ANN homeostatic V3 (frog_lib_ann_soft_sated_v3),-0.8251,-1.0000,7.07e-18,1.06e-16,True,ANN_FROZEN_SOFT_SATED_V2
ann_history,developmental,"Вычислительная цена, с/поимку",ANN frozen homeostatic V2 (frog_lib_ann_frozen_soft_sated_v2) vs ANN frozen homeostatic V3 (frog_lib_ann_frozen_soft_sated_v3),-0.7832,-1.0000,7.07e-18,1.06e-16,True,ANN_FROZEN_SOFT_SATED_V2
ann_history,developmental,"Вычислительная цена, с/поимку",ANN frozen homeostatic V2 (frog_lib_ann_frozen_soft_sated_v2) vs ANN homeostatic V3.1 (frog_lib_ann_soft_sated_v3_1),-0.2321,-0.9200,2.29e-15,1.83e-14,True,ANN_FROZEN_SOFT_SATED_V2
ann_history,developmental,"Вычислительная цена, с/поимку",ANN frozen homeostatic V2 (frog_lib_ann_frozen_soft_sated_v2) vs ANN frozen homeostatic V3.1 (frog_lib_ann_frozen_soft_sated_v3_1),-0.5105,-0.9576,1.60e-16,1.44e-15,True,ANN_FROZEN_SOFT_SATED_V2
ann_history,developmental,"Вычислительная цена, с/поимку",ANN homeostatic V3 (frog_lib_ann_soft_sated_v3) vs ANN frozen homeostatic V3 (frog_lib_ann_frozen_soft_sated_v3),0.0419,0.5496,2.22e-06,8.87e-06,True,ANN_FROZEN_SOFT_SATED_V3
ann_history,developmental,"Вычислительная цена, с/поимку",ANN homeostatic V3 (frog_lib_ann_soft_sated_v3) vs ANN homeostatic V3.1 (frog_lib_ann_soft_sated_v3_1),0.5930,1.0000,7.07e-18,1.06e-16,True,ANN_SOFT_SATED_V3_1
ann_history,developmental,"Вычислительная цена, с/поимку",ANN homeostatic V3 (frog_lib_ann_soft_sated_v3) vs ANN frozen homeostatic V3.1 (frog_lib_ann_frozen_soft_sated_v3_1),0.3146,0.7936,8.19e-12,4.91e-11,True,ANN_FROZEN_SOFT_SATED_V3_1
ann_history,developmental,"Вычислительная цена, с/поимку",ANN frozen homeostatic V3 (frog_lib_ann_frozen_soft_sated_v3) vs ANN homeostatic V3.1 (frog_lib_ann_soft_sated_v3_1),0.5510,1.0000,7.07e-18,1.06e-16,True,ANN_SOFT_SATED_V3_1
ann_history,developmental,"Вычислительная цена, с/поимку",ANN frozen homeostatic V3 (frog_lib_ann_frozen_soft_sated_v3) vs ANN frozen homeostatic V3.1 (frog_lib_ann_frozen_soft_sated_v3_1),0.2727,0.6784,5.14e-09,2.57e-08,True,ANN_FROZEN_SOFT_SATED_V3_1
ann_history,developmental,"Вычислительная цена, с/поимку",ANN homeostatic V3.1 (frog_lib_ann_soft_sated_v3_1) vs ANN frozen homeostatic V3.1 (frog_lib_ann_frozen_soft_sated_v3_1),-0.2784,-0.8464,3.09e-13,2.17e-12,True,ANN_SOFT_SATED_V3_1
